lote_id,osm_type,osm_id,nombre_original,categoria_preliminar,etiqueta_osm,latitud,longitud,datos_osm,categoria_oficial,categoria_slug_destino,subcategoria_nombre,subcategoria_slug_destino,confianza_mapeo,estado_importacion,motivo_observacion,publicable_propuesto
5979a1d9-2be4-42d5-a98f-4ce30c1d1b03,node,13573974387,AGROfértil,Agropecuario y mascotas,agrarian,0.7957907,-77.7368713,"{""name"":""AGROfértil"",""shop"":""agrarian""}",Agropecuario y mascotas,agropecuario-mascotas,Insumos agropecuarios,insumos-agropecuarios,alta,valido,,false
5979a1d9-2be4-42d5-a98f-4ce30c1d1b03,node,13573974334,AgroNorte,Agropecuario y mascotas,agrarian,0.7892554,-77.743302,"{""name"":""AgroNorte"",""shop"":""agrarian""}",Agropecuario y mascotas,agropecuario-mascotas,Insumos agropecuarios,insumos-agropecuarios,alta,valido,,false
5979a1d9-2be4-42d5-a98f-4ce30c1d1b03,way,1479832133,FarmAgro sucursal Tulcán,Agropecuario y mascotas,agrarian,0.7866466,-77.7443439,"{""name"":""FarmAgro sucursal Tulcán"",""shop"":""agrarian""}",Agropecuario y mascotas,agropecuario-mascotas,Insumos agropecuarios,insumos-agropecuarios,alta,valido,,false
5979a1d9-2be4-42d5-a98f-4ce30c1d1b03,node,3329963642,Antojitos Express,Alimentos y bebidas,restaurant,0.812633,-77.7169282,"{""name"":""Antojitos Express"",""amenity"":""restaurant""}",Comida y bebidas,comida-bebidas,Restaurantes,restaurantes,alta,valido,,false
5979a1d9-2be4-42d5-a98f-4ce30c1d1b03,way,607228553,Asadero de pollos,Alimentos y bebidas,restaurant,0.8037154,-77.7277148,"{""name"":""Asadero de pollos"",""amenity"":""restaurant""}",Comida y bebidas,comida-bebidas,Restaurantes,restaurantes,alta,valido,,false
5979a1d9-2be4-42d5-a98f-4ce30c1d1b03,node,4978422322,Asadero la Brasa,Alimentos y bebidas,restaurant,0.8037676,-77.7277605,"{""name"":""Asadero la Brasa"",""amenity"":""restaurant""}",Comida y bebidas,comida-bebidas,Restaurantes,restaurantes,alta,valido,,false
5979a1d9-2be4-42d5-a98f-4ce30c1d1b03,node,4978421924,Asados de Agapito,Alimentos y bebidas,restaurant,0.8017338,-77.7307894,"{""name"":""Asados de Agapito"",""amenity"":""restaurant""}",Comida y bebidas,comida-bebidas,Restaurantes,restaurantes,alta,valido,,false
5979a1d9-2be4-42d5-a98f-4ce30c1d1b03,way,607551532,Asados del Agapito,Alimentos y bebidas,restaurant,0.8018693,-77.7307388,"{""name"":""Asados del Agapito"",""amenity"":""restaurant""}",Comida y bebidas,comida-bebidas,Restaurantes,restaurantes,alta,valido,,false
5979a1d9-2be4-42d5-a98f-4ce30c1d1b03,node,3329963644,Baraka,Alimentos y bebidas,cafe,0.8125975,-77.7183502,"{""name"":""Baraka"",""amenity"":""cafe""}",Comida y bebidas,comida-bebidas,Cafeterías,cafeterias,alta,valido,,false
5979a1d9-2be4-42d5-a98f-4ce30c1d1b03,node,3329963646,Broaster King,Alimentos y bebidas,fast_food,0.8125822,-77.7170075,"{""name"":""Broaster King"",""amenity"":""fast_food""}",Comida y bebidas,comida-bebidas,Comida rápida,comida-rapida,alta,valido,,false
5979a1d9-2be4-42d5-a98f-4ce30c1d1b03,node,3329963648,Broster House,Alimentos y bebidas,fast_food,0.8109237,-77.7193667,"{""name"":""Broster House"",""amenity"":""fast_food""}",Comida y bebidas,comida-bebidas,Comida rápida,comida-rapida,alta,valido,,false
5979a1d9-2be4-42d5-a98f-4ce30c1d1b03,node,3329963649,Bucattos D Italia,Alimentos y bebidas,restaurant,0.8188581,-77.7100781,"{""name"":""Bucattos D Italia"",""amenity"":""restaurant""}",Comida y bebidas,comida-bebidas,Restaurantes,restaurantes,alta,valido,,false
5979a1d9-2be4-42d5-a98f-4ce30c1d1b03,node,5783668082,Cafe late,Alimentos y bebidas,cafe,0.8138257,-77.7170837,"{""name"":""Cafe late"",""amenity"":""cafe""}",Comida y bebidas,comida-bebidas,Cafeterías,cafeterias,alta,valido,,false
5979a1d9-2be4-42d5-a98f-4ce30c1d1b03,way,605674353,Cafeteria,Alimentos y bebidas,cafe,0.8045394,-77.7308925,"{""name"":""Cafeteria"",""amenity"":""cafe""}",Comida y bebidas,comida-bebidas,Cafeterías,cafeterias,alta,valido,,false
5979a1d9-2be4-42d5-a98f-4ce30c1d1b03,way,607543467,Cafeteria,Alimentos y bebidas,cafe,0.7979987,-77.7367432,"{""name"":""Cafeteria"",""amenity"":""cafe""}",Comida y bebidas,comida-bebidas,Cafeterías,cafeterias,alta,valido,,false
5979a1d9-2be4-42d5-a98f-4ce30c1d1b03,way,607478627,Cafeteria,Alimentos y bebidas,cafe,0.79548,-77.7389775,"{""name"":""Cafeteria"",""amenity"":""cafe""}",Comida y bebidas,comida-bebidas,Cafeterías,cafeterias,alta,valido,,false
5979a1d9-2be4-42d5-a98f-4ce30c1d1b03,way,610604714,Cafeteria,Alimentos y bebidas,cafe,0.7952864,-77.7392919,"{""name"":""Cafeteria"",""amenity"":""cafe""}",Comida y bebidas,comida-bebidas,Cafeterías,cafeterias,alta,valido,,false
5979a1d9-2be4-42d5-a98f-4ce30c1d1b03,node,3329963651,Café Tulcán,Alimentos y bebidas,cafe,0.8125945,-77.7169896,"{""name"":""Café Tulcán"",""amenity"":""cafe""}",Comida y bebidas,comida-bebidas,Cafeterías,cafeterias,alta,valido,,false
5979a1d9-2be4-42d5-a98f-4ce30c1d1b03,node,4945548925,Campo Real,Alimentos y bebidas,restaurant,0.8176577,-77.7140547,"{""name"":""Campo Real"",""amenity"":""restaurant""}",Comida y bebidas,comida-bebidas,Restaurantes,restaurantes,alta,valido,,false
5979a1d9-2be4-42d5-a98f-4ce30c1d1b03,node,11670120769,Campo y sabor,Alimentos y bebidas,restaurant,0.8177185,-77.7139348,"{""name"":""Campo y sabor"",""amenity"":""restaurant""}",Comida y bebidas,comida-bebidas,Restaurantes,restaurantes,alta,valido,,false
5979a1d9-2be4-42d5-a98f-4ce30c1d1b03,way,610703100,Carbonero de Piedra,Alimentos y bebidas,fast_food,0.8152955,-77.7161924,"{""name"":""Carbonero de Piedra"",""amenity"":""fast_food""}",Comida y bebidas,comida-bebidas,Comida rápida,comida-rapida,alta,valido,,false
5979a1d9-2be4-42d5-a98f-4ce30c1d1b03,way,609585629,Casa China,Alimentos y bebidas,restaurant,0.8029544,-77.7298873,"{""name"":""Casa China"",""amenity"":""restaurant""}",Comida y bebidas,comida-bebidas,Restaurantes,restaurantes,alta,valido,,false
5979a1d9-2be4-42d5-a98f-4ce30c1d1b03,node,7706488985,Casa Montenegro Revelo,Alimentos y bebidas,cafe,0.7925955,-77.735877,"{""name"":""Casa Montenegro Revelo"",""amenity"":""cafe""}",Comida y bebidas,comida-bebidas,Cafeterías,cafeterias,alta,valido,,false
5979a1d9-2be4-42d5-a98f-4ce30c1d1b03,node,3329963655,Casa Nuestra,Alimentos y bebidas,cafe,0.8119995,-77.7144881,"{""name"":""Casa Nuestra"",""amenity"":""cafe""}",Comida y bebidas,comida-bebidas,Cafeterías,cafeterias,alta,valido,,false
5979a1d9-2be4-42d5-a98f-4ce30c1d1b03,node,3329963658,Centenario Internacional,Alimentos y bebidas,restaurant,0.8044271,-77.7282603,"{""name"":""Centenario Internacional"",""amenity"":""restaurant""}",Comida y bebidas,comida-bebidas,Restaurantes,restaurantes,alta,valido,,false
5979a1d9-2be4-42d5-a98f-4ce30c1d1b03,way,1529748627,Centro de Faenamiento de Tulcán,Alimentos y bebidas,butcher,0.7872287,-77.7266274,"{""name"":""Centro de Faenamiento de Tulcán"",""shop"":""butcher""}",Comida y bebidas,comida-bebidas,,,baja,observado,Centro de faenamiento; requiere revisión manual antes de clasificar.,false
5979a1d9-2be4-42d5-a98f-4ce30c1d1b03,node,4937547130,Cepeda Paz Teresa de Jesús,Alimentos y bebidas,beverages,0.8097484,-77.7181872,"{""name"":""Cepeda Paz Teresa de Jesús"",""shop"":""beverages""}",Comida y bebidas,comida-bebidas,Bares y bebidas,bares-bebidas,media,valido,,false
5979a1d9-2be4-42d5-a98f-4ce30c1d1b03,node,3329963659,Cevicheria Cuatro Ases,Alimentos y bebidas,restaurant,0.8174309,-77.7157285,"{""name"":""Cevicheria Cuatro Ases"",""amenity"":""restaurant""}",Comida y bebidas,comida-bebidas,Restaurantes,restaurantes,alta,valido,,false
5979a1d9-2be4-42d5-a98f-4ce30c1d1b03,node,3329963660,Cevicheria Cuatro Ases,Alimentos y bebidas,seafood,0.8221574,-77.7062951,"{""name"":""Cevicheria Cuatro Ases"",""shop"":""seafood"",""amenity"":""restaurant""}",Comida y bebidas,comida-bebidas,Restaurantes,restaurantes,baja,valido,,false
5979a1d9-2be4-42d5-a98f-4ce30c1d1b03,node,4978385822,Cevicheria la playa,Alimentos y bebidas,restaurant,0.8000252,-77.7281656,"{""name"":""Cevicheria la playa"",""amenity"":""restaurant""}",Comida y bebidas,comida-bebidas,Restaurantes,restaurantes,alta,valido,,false
5979a1d9-2be4-42d5-a98f-4ce30c1d1b03,node,11467754869,"Cevichería ""El Papi""",Alimentos y bebidas,restaurant,0.7963434,-77.7345027,"{""name"":""Cevichería \""El Papi\"""",""amenity"":""restaurant""}",Comida y bebidas,comida-bebidas,Restaurantes,restaurantes,alta,valido,,false
5979a1d9-2be4-42d5-a98f-4ce30c1d1b03,node,6338092185,Ceviches al paso,Alimentos y bebidas,fast_food,0.8127442,-77.715483,"{""name"":""Ceviches al paso"",""amenity"":""fast_food""}",Comida y bebidas,comida-bebidas,Comida rápida,comida-rapida,alta,valido,,false
5979a1d9-2be4-42d5-a98f-4ce30c1d1b03,node,3329963657,Ceviches de la Rumiñahui,Alimentos y bebidas,restaurant,0.8216455,-77.707757,"{""name"":""Ceviches de la Rumiñahui"",""amenity"":""restaurant""}",Comida y bebidas,comida-bebidas,Restaurantes,restaurantes,alta,valido,,false
5979a1d9-2be4-42d5-a98f-4ce30c1d1b03,node,4951853921,Cheers,Alimentos y bebidas,restaurant,0.8192245,-77.7095378,"{""name"":""Cheers"",""amenity"":""restaurant""}",Comida y bebidas,comida-bebidas,Restaurantes,restaurantes,alta,valido,,false
5979a1d9-2be4-42d5-a98f-4ce30c1d1b03,node,4978422027,Chifa Danubio,Alimentos y bebidas,restaurant,0.8017388,-77.7271824,"{""name"":""Chifa Danubio"",""amenity"":""restaurant""}",Comida y bebidas,comida-bebidas,Restaurantes,restaurantes,alta,valido,,false
5979a1d9-2be4-42d5-a98f-4ce30c1d1b03,node,4341639691,Chifa Pack Choy,Alimentos y bebidas,restaurant,0.8115932,-77.7184885,"{""name"":""Chifa Pack Choy"",""amenity"":""restaurant""}",Comida y bebidas,comida-bebidas,Restaurantes,restaurantes,alta,valido,,false
5979a1d9-2be4-42d5-a98f-4ce30c1d1b03,node,4978421921,Club 70,Alimentos y bebidas,fast_food,0.8009053,-77.7313369,"{""name"":""Club 70"",""amenity"":""fast_food""}",Comida y bebidas,comida-bebidas,Comida rápida,comida-rapida,alta,valido,,false
5979a1d9-2be4-42d5-a98f-4ce30c1d1b03,node,5042033323,Coca Cola CEDI Tulcán,Alimentos y bebidas,beverages,0.8213932,-77.7025697,"{""name"":""Coca Cola CEDI Tulcán"",""shop"":""beverages""}",Comida y bebidas,comida-bebidas,Bares y bebidas,bares-bebidas,media,valido,,false
5979a1d9-2be4-42d5-a98f-4ce30c1d1b03,way,607478752,Comida Rápida,Alimentos y bebidas,cafe,0.8025668,-77.730812,"{""name"":""Comida Rápida"",""amenity"":""cafe""}",Comida y bebidas,comida-bebidas,Cafeterías,cafeterias,alta,valido,,false
5979a1d9-2be4-42d5-a98f-4ce30c1d1b03,node,4249631189,Cuyes y Gallinas Asadas,Alimentos y bebidas,restaurant,0.8184086,-77.708501,"{""name"":""Cuyes y Gallinas Asadas"",""amenity"":""restaurant""}",Comida y bebidas,comida-bebidas,Restaurantes,restaurantes,alta,valido,,false
5979a1d9-2be4-42d5-a98f-4ce30c1d1b03,way,610604711,D'mimos,Alimentos y bebidas,cafe,0.7949917,-77.7385571,"{""name"":""D'mimos"",""amenity"":""cafe""}",Comida y bebidas,comida-bebidas,Cafeterías,cafeterias,alta,valido,,false
5979a1d9-2be4-42d5-a98f-4ce30c1d1b03,node,3329963663,Dubai,Alimentos y bebidas,restaurant,0.8132984,-77.7140938,"{""name"":""Dubai"",""amenity"":""restaurant""}",Comida y bebidas,comida-bebidas,Restaurantes,restaurantes,alta,valido,,false
5979a1d9-2be4-42d5-a98f-4ce30c1d1b03,way,605674357,El BUEN SABOR,Alimentos y bebidas,restaurant,0.8042934,-77.7307239,"{""name"":""El BUEN SABOR"",""amenity"":""restaurant""}",Comida y bebidas,comida-bebidas,Restaurantes,restaurantes,alta,valido,,false
5979a1d9-2be4-42d5-a98f-4ce30c1d1b03,way,607478618,El BUEN SABOR,Alimentos y bebidas,restaurant,0.7950959,-77.7384717,"{""name"":""El BUEN SABOR"",""amenity"":""restaurant""}",Comida y bebidas,comida-bebidas,Restaurantes,restaurantes,alta,valido,,false
5979a1d9-2be4-42d5-a98f-4ce30c1d1b03,way,606860322,El Volcán,Alimentos y bebidas,restaurant,0.8132286,-77.7141221,"{""name"":""El Volcán"",""amenity"":""restaurant""}",Comida y bebidas,comida-bebidas,Restaurantes,restaurantes,alta,valido,,false
5979a1d9-2be4-42d5-a98f-4ce30c1d1b03,node,13573974347,Este Pancito,Alimentos y bebidas,bakery,0.7878397,-77.7439981,"{""name"":""Este Pancito"",""shop"":""bakery""}",Comida y bebidas,comida-bebidas,Panaderías,panaderias,alta,valido,,false
5979a1d9-2be4-42d5-a98f-4ce30c1d1b03,node,3329963669,Extrapan 2,Alimentos y bebidas,fast_food,0.8204722,-77.7080219,"{""name"":""Extrapan 2"",""amenity"":""fast_food""}",Comida y bebidas,comida-bebidas,Comida rápida,comida-rapida,alta,valido,,false
5979a1d9-2be4-42d5-a98f-4ce30c1d1b03,way,607577538,Fortuna'z,Alimentos y bebidas,restaurant,0.7976271,-77.7342869,"{""name"":""Fortuna'z"",""amenity"":""restaurant""}",Comida y bebidas,comida-bebidas,Restaurantes,restaurantes,alta,valido,,false
5979a1d9-2be4-42d5-a98f-4ce30c1d1b03,node,3329963672,Fortuna'z,Alimentos y bebidas,restaurant,0.7975893,-77.7343525,"{""name"":""Fortuna'z"",""amenity"":""restaurant""}",Comida y bebidas,comida-bebidas,Restaurantes,restaurantes,alta,valido,,false
5979a1d9-2be4-42d5-a98f-4ce30c1d1b03,node,9833949804,Gastro Lab,Alimentos y bebidas,restaurant,0.8039037,-77.7349115,"{""name"":""Gastro Lab"",""amenity"":""restaurant""}",Comida y bebidas,comida-bebidas,Restaurantes,restaurantes,alta,valido,,false
5979a1d9-2be4-42d5-a98f-4ce30c1d1b03,node,3329963679,Kroky Broaster Chicken,Alimentos y bebidas,fast_food,0.8039479,-77.7275513,"{""name"":""Kroky Broaster Chicken"",""amenity"":""fast_food""}",Comida y bebidas,comida-bebidas,Comida rápida,comida-rapida,alta,valido,,false
5979a1d9-2be4-42d5-a98f-4ce30c1d1b03,node,3329963680,La Delicia,Alimentos y bebidas,restaurant,0.8175319,-77.7136621,"{""name"":""La Delicia"",""amenity"":""restaurant""}",Comida y bebidas,comida-bebidas,Restaurantes,restaurantes,alta,valido,,false
5979a1d9-2be4-42d5-a98f-4ce30c1d1b03,node,5302670921,La Lasaña Romana,Alimentos y bebidas,fast_food,0.8166791,-77.7128838,"{""name"":""La Lasaña Romana"",""amenity"":""fast_food""}",Comida y bebidas,comida-bebidas,Comida rápida,comida-rapida,alta,valido,,false
5979a1d9-2be4-42d5-a98f-4ce30c1d1b03,node,12413394702,La Spezia Pizza,Alimentos y bebidas,restaurant,0.8191596,-77.7097043,"{""name"":""La Spezia Pizza"",""amenity"":""restaurant""}",Comida y bebidas,comida-bebidas,Restaurantes,restaurantes,alta,valido,,false
5979a1d9-2be4-42d5-a98f-4ce30c1d1b03,node,4403257789,Las Delicias de Doña Nidia,Alimentos y bebidas,restaurant,0.8113428,-77.7148126,"{""name"":""Las Delicias de Doña Nidia"",""amenity"":""restaurant""}",Comida y bebidas,comida-bebidas,Restaurantes,restaurantes,alta,valido,,false
5979a1d9-2be4-42d5-a98f-4ce30c1d1b03,node,3329963688,Lucky,Alimentos y bebidas,restaurant,0.8172286,-77.7145312,"{""name"":""Lucky"",""amenity"":""restaurant""}",Comida y bebidas,comida-bebidas,Restaurantes,restaurantes,alta,valido,,false
5979a1d9-2be4-42d5-a98f-4ce30c1d1b03,node,3329963690,Lumar,Alimentos y bebidas,restaurant,0.8112705,-77.7186982,"{""name"":""Lumar"",""amenity"":""restaurant""}",Comida y bebidas,comida-bebidas,Restaurantes,restaurantes,alta,valido,,false
5979a1d9-2be4-42d5-a98f-4ce30c1d1b03,node,3329963692,Mamá Rosita,Alimentos y bebidas,restaurant,0.8198981,-77.708768,"{""name"":""Mamá Rosita"",""amenity"":""restaurant""}",Comida y bebidas,comida-bebidas,Restaurantes,restaurantes,alta,valido,,false
5979a1d9-2be4-42d5-a98f-4ce30c1d1b03,way,605459995,Mamá Rosita,Alimentos y bebidas,restaurant,0.8202839,-77.7085915,"{""name"":""Mamá Rosita"",""amenity"":""restaurant""}",Comida y bebidas,comida-bebidas,Restaurantes,restaurantes,alta,valido,,false
5979a1d9-2be4-42d5-a98f-4ce30c1d1b03,node,4613245192,Mega Pan,Alimentos y bebidas,bakery,0.8154008,-77.716521,"{""name"":""Mega Pan"",""shop"":""bakery""}",Comida y bebidas,comida-bebidas,Panaderías,panaderias,alta,valido,,false
5979a1d9-2be4-42d5-a98f-4ce30c1d1b03,node,3329967295,Miramar,Alimentos y bebidas,restaurant,0.7953977,-77.7379327,"{""name"":""Miramar"",""amenity"":""restaurant""}",Comida y bebidas,comida-bebidas,Restaurantes,restaurantes,alta,valido,,false
5979a1d9-2be4-42d5-a98f-4ce30c1d1b03,node,11467750969,Miramar,Alimentos y bebidas,restaurant,0.7949321,-77.7386176,"{""name"":""Miramar"",""amenity"":""restaurant""}",Comida y bebidas,comida-bebidas,Restaurantes,restaurantes,alta,valido,,false
5979a1d9-2be4-42d5-a98f-4ce30c1d1b03,node,6439624987,Muralla imperial,Alimentos y bebidas,restaurant,0.820192,-77.7077282,"{""name"":""Muralla imperial"",""amenity"":""restaurant""}",Comida y bebidas,comida-bebidas,Restaurantes,restaurantes,alta,valido,,false
5979a1d9-2be4-42d5-a98f-4ce30c1d1b03,node,3329967297,Ou La La Delicattesen,Alimentos y bebidas,cafe,0.8122619,-77.717815,"{""name"":""Ou La La Delicattesen"",""amenity"":""cafe""}",Comida y bebidas,comida-bebidas,Cafeterías,cafeterias,alta,valido,,false
5979a1d9-2be4-42d5-a98f-4ce30c1d1b03,node,13573974333,Pan de casa,Alimentos y bebidas,bakery,0.7901369,-77.7432468,"{""name"":""Pan de casa"",""shop"":""bakery""}",Comida y bebidas,comida-bebidas,Panaderías,panaderias,alta,valido,,false
5979a1d9-2be4-42d5-a98f-4ce30c1d1b03,way,607543475,Panadería,Alimentos y bebidas,bakery,0.7982582,-77.7342448,"{""name"":""Panadería"",""shop"":""bakery""}",Comida y bebidas,comida-bebidas,Panaderías,panaderias,alta,valido,,false
5979a1d9-2be4-42d5-a98f-4ce30c1d1b03,node,4978421923,Panadería jhoana,Alimentos y bebidas,bakery,0.801374,-77.7310202,"{""name"":""Panadería jhoana"",""shop"":""bakery""}",Comida y bebidas,comida-bebidas,Panaderías,panaderias,alta,valido,,false
5979a1d9-2be4-42d5-a98f-4ce30c1d1b03,node,4978421922,Papas Asadas Rosita,Alimentos y bebidas,fast_food,0.8002701,-77.7315174,"{""name"":""Papas Asadas Rosita"",""amenity"":""fast_food""}",Comida y bebidas,comida-bebidas,Comida rápida,comida-rapida,alta,valido,,false
5979a1d9-2be4-42d5-a98f-4ce30c1d1b03,node,3329967300,Patio de Comida San Francisco,Alimentos y bebidas,restaurant,0.8138942,-77.7170161,"{""name"":""Patio de Comida San Francisco"",""amenity"":""restaurant""}",Comida y bebidas,comida-bebidas,Restaurantes,restaurantes,alta,valido,,false
5979a1d9-2be4-42d5-a98f-4ce30c1d1b03,way,610704640,Pizza Luky,Alimentos y bebidas,fast_food,0.8128635,-77.7181959,"{""name"":""Pizza Luky"",""amenity"":""fast_food""}",Comida y bebidas,comida-bebidas,Comida rápida,comida-rapida,alta,valido,,false
5979a1d9-2be4-42d5-a98f-4ce30c1d1b03,node,11467754569,Pizza Mario,Alimentos y bebidas,fast_food,0.7968177,-77.7358076,"{""name"":""Pizza Mario"",""amenity"":""fast_food""}",Comida y bebidas,comida-bebidas,Comida rápida,comida-rapida,alta,valido,,false
5979a1d9-2be4-42d5-a98f-4ce30c1d1b03,node,3329967302,Pollos Alf,Alimentos y bebidas,fast_food,0.817291,-77.7134556,"{""name"":""Pollos Alf"",""amenity"":""fast_food""}",Comida y bebidas,comida-bebidas,Comida rápida,comida-rapida,alta,valido,,false
5979a1d9-2be4-42d5-a98f-4ce30c1d1b03,node,4249650590,Quintalazo,Alimentos y bebidas,restaurant,0.8212167,-77.7059517,"{""name"":""Quintalazo"",""amenity"":""restaurant""}",Comida y bebidas,comida-bebidas,Restaurantes,restaurantes,alta,valido,,false
5979a1d9-2be4-42d5-a98f-4ce30c1d1b03,way,607568545,Q´Riko,Alimentos y bebidas,restaurant,0.8065934,-77.7253752,"{""name"":""Q´Riko"",""amenity"":""restaurant""}",Comida y bebidas,comida-bebidas,Restaurantes,restaurantes,alta,valido,,false
5979a1d9-2be4-42d5-a98f-4ce30c1d1b03,node,12854167137,RESTAURANTE ''EL RASTROJO'',Alimentos y bebidas,restaurant,0.7890078,-77.7037973,"{""name"":""RESTAURANTE ''EL RASTROJO''"",""amenity"":""restaurant""}",Comida y bebidas,comida-bebidas,Restaurantes,restaurantes,alta,valido,,false
5979a1d9-2be4-42d5-a98f-4ce30c1d1b03,node,3329967305,Rancho San Antonio de Tulcán,Alimentos y bebidas,restaurant,0.8207985,-77.7110863,"{""name"":""Rancho San Antonio de Tulcán"",""amenity"":""restaurant""}",Comida y bebidas,comida-bebidas,Restaurantes,restaurantes,alta,valido,,false
5979a1d9-2be4-42d5-a98f-4ce30c1d1b03,way,610363171,Restaurante,Alimentos y bebidas,restaurant,0.8033104,-77.7293885,"{""name"":""Restaurante"",""amenity"":""restaurant""}",Comida y bebidas,comida-bebidas,Restaurantes,restaurantes,alta,valido,,false
5979a1d9-2be4-42d5-a98f-4ce30c1d1b03,way,607478758,Restaurante,Alimentos y bebidas,restaurant,0.8024601,-77.7302825,"{""name"":""Restaurante"",""amenity"":""restaurant""}",Comida y bebidas,comida-bebidas,Restaurantes,restaurantes,alta,valido,,false
5979a1d9-2be4-42d5-a98f-4ce30c1d1b03,way,607478753,Restaurante,Alimentos y bebidas,restaurant,0.802518,-77.730691,"{""name"":""Restaurante"",""amenity"":""restaurant""}",Comida y bebidas,comida-bebidas,Restaurantes,restaurantes,alta,valido,,false
5979a1d9-2be4-42d5-a98f-4ce30c1d1b03,way,607546191,Restaurante,Alimentos y bebidas,restaurant,0.8019946,-77.7306201,"{""name"":""Restaurante"",""amenity"":""restaurant""}",Comida y bebidas,comida-bebidas,Restaurantes,restaurantes,alta,valido,,false
5979a1d9-2be4-42d5-a98f-4ce30c1d1b03,way,607478586,Restaurante,Alimentos y bebidas,restaurant,0.8002785,-77.7318064,"{""name"":""Restaurante"",""amenity"":""restaurant""}",Comida y bebidas,comida-bebidas,Restaurantes,restaurantes,alta,valido,,false
5979a1d9-2be4-42d5-a98f-4ce30c1d1b03,node,13573974309,Restaurante China 5,Alimentos y bebidas,restaurant,0.7927362,-77.7415552,"{""name"":""Restaurante China 5"",""amenity"":""restaurant""}",Comida y bebidas,comida-bebidas,Restaurantes,restaurantes,alta,valido,,false
5979a1d9-2be4-42d5-a98f-4ce30c1d1b03,way,608726519,Restaurante Universitário,Alimentos y bebidas,restaurant,0.8215614,-77.707733,"{""name"":""Restaurante Universitário"",""amenity"":""restaurant""}",Comida y bebidas,comida-bebidas,Restaurantes,restaurantes,alta,valido,,false
5979a1d9-2be4-42d5-a98f-4ce30c1d1b03,node,4106711489,Sal y Canela Restaurante,Alimentos y bebidas,restaurant,0.8121348,-77.7178503,"{""name"":""Sal y Canela Restaurante"",""amenity"":""restaurant""}",Comida y bebidas,comida-bebidas,Restaurantes,restaurantes,alta,valido,,false
5979a1d9-2be4-42d5-a98f-4ce30c1d1b03,node,13943957563,Salchipapas,Alimentos y bebidas,fast_food,0.825328,-77.7048821,"{""name"":""Salchipapas"",""amenity"":""fast_food""}",Comida y bebidas,comida-bebidas,Comida rápida,comida-rapida,alta,valido,,false
5979a1d9-2be4-42d5-a98f-4ce30c1d1b03,node,13943957562,Salchipapas,Alimentos y bebidas,fast_food,0.8259812,-77.7036665,"{""name"":""Salchipapas"",""amenity"":""fast_food""}",Comida y bebidas,comida-bebidas,Comida rápida,comida-rapida,alta,valido,,false
5979a1d9-2be4-42d5-a98f-4ce30c1d1b03,node,13943957561,Salchipapas del coliseo,Alimentos y bebidas,fast_food,0.8260134,-77.7033192,"{""name"":""Salchipapas del coliseo"",""amenity"":""fast_food""}",Comida y bebidas,comida-bebidas,Comida rápida,comida-rapida,alta,valido,,false
5979a1d9-2be4-42d5-a98f-4ce30c1d1b03,node,3329967311,San Luis,Alimentos y bebidas,restaurant,0.8043177,-77.7282717,"{""name"":""San Luis"",""amenity"":""restaurant""}",Comida y bebidas,comida-bebidas,Restaurantes,restaurantes,alta,valido,,false
5979a1d9-2be4-42d5-a98f-4ce30c1d1b03,node,13573974395,Santos Pecadores,Alimentos y bebidas,restaurant,0.7960542,-77.736936,"{""name"":""Santos Pecadores"",""amenity"":""restaurant""}",Comida y bebidas,comida-bebidas,Restaurantes,restaurantes,alta,valido,,false
5979a1d9-2be4-42d5-a98f-4ce30c1d1b03,node,5783647086,Tortillas con caucara,Alimentos y bebidas,restaurant,0.8136133,-77.7177843,"{""name"":""Tortillas con caucara"",""amenity"":""restaurant""}",Comida y bebidas,comida-bebidas,Restaurantes,restaurantes,alta,valido,,false
5979a1d9-2be4-42d5-a98f-4ce30c1d1b03,node,3329967317,Tradición del Sabor,Alimentos y bebidas,restaurant,0.8152267,-77.714846,"{""name"":""Tradición del Sabor"",""amenity"":""restaurant""}",Comida y bebidas,comida-bebidas,Restaurantes,restaurantes,alta,valido,,false
5979a1d9-2be4-42d5-a98f-4ce30c1d1b03,node,13943957554,Venta de mollejas,Alimentos y bebidas,fast_food,0.8042114,-77.7245516,"{""name"":""Venta de mollejas"",""amenity"":""fast_food""}",Comida y bebidas,comida-bebidas,Comida rápida,comida-rapida,alta,valido,,false
5979a1d9-2be4-42d5-a98f-4ce30c1d1b03,node,13943957560,Venta de salchipapas,Alimentos y bebidas,fast_food,0.7995026,-77.7321814,"{""name"":""Venta de salchipapas"",""amenity"":""fast_food""}",Comida y bebidas,comida-bebidas,Comida rápida,comida-rapida,alta,valido,,false
5979a1d9-2be4-42d5-a98f-4ce30c1d1b03,way,610704642,Wawa Negro Cafe,Alimentos y bebidas,cafe,0.8135303,-77.7180934,"{""name"":""Wawa Negro Cafe"",""amenity"":""cafe""}",Comida y bebidas,comida-bebidas,Cafeterías,cafeterias,alta,valido,,false
5979a1d9-2be4-42d5-a98f-4ce30c1d1b03,way,607567725,Wawa Negro Cafe,Alimentos y bebidas,cafe,0.7989135,-77.7333203,"{""name"":""Wawa Negro Cafe"",""amenity"":""cafe""}",Comida y bebidas,comida-bebidas,Cafeterías,cafeterias,alta,valido,,false
5979a1d9-2be4-42d5-a98f-4ce30c1d1b03,way,610693290,,Alimentos y bebidas,bakery,0.8121992,-77.7190345,"{""shop"":""bakery""}",Comida y bebidas,comida-bebidas,Panaderías,panaderias,alta,observado,Sin nombre,false
5979a1d9-2be4-42d5-a98f-4ce30c1d1b03,way,606856611,,Alimentos y bebidas,cafe,0.812527,-77.7154138,"{""amenity"":""cafe""}",Comida y bebidas,comida-bebidas,Cafeterías,cafeterias,alta,observado,Sin nombre,false
5979a1d9-2be4-42d5-a98f-4ce30c1d1b03,way,607147877,,Alimentos y bebidas,cafe,0.812772,-77.714784,"{""amenity"":""cafe""}",Comida y bebidas,comida-bebidas,Cafeterías,cafeterias,alta,observado,Sin nombre,false
5979a1d9-2be4-42d5-a98f-4ce30c1d1b03,way,610703093,,Alimentos y bebidas,bakery,0.8152846,-77.7165554,"{""shop"":""bakery""}",Comida y bebidas,comida-bebidas,Panaderías,panaderias,alta,observado,Sin nombre,false
5979a1d9-2be4-42d5-a98f-4ce30c1d1b03,way,610703096,,Alimentos y bebidas,cafe,0.8154741,-77.7163062,"{""amenity"":""cafe""}",Comida y bebidas,comida-bebidas,Cafeterías,cafeterias,alta,observado,Sin nombre,false
5979a1d9-2be4-42d5-a98f-4ce30c1d1b03,way,608168071,,Alimentos y bebidas,cafe,0.8083547,-77.7219827,"{""amenity"":""cafe""}",Comida y bebidas,comida-bebidas,Cafeterías,cafeterias,alta,observado,Sin nombre,false
5979a1d9-2be4-42d5-a98f-4ce30c1d1b03,way,607478889,,Alimentos y bebidas,restaurant,0.8053107,-77.7262684,"{""amenity"":""restaurant""}",Comida y bebidas,comida-bebidas,Restaurantes,restaurantes,alta,observado,Sin nombre,false
5979a1d9-2be4-42d5-a98f-4ce30c1d1b03,way,607478877,,Alimentos y bebidas,cafe,0.8054977,-77.7269964,"{""amenity"":""cafe""}",Comida y bebidas,comida-bebidas,Cafeterías,cafeterias,alta,observado,Sin nombre,false
5979a1d9-2be4-42d5-a98f-4ce30c1d1b03,node,13175959588,,Alimentos y bebidas,restaurant,0.8046111,-77.7283402,"{""amenity"":""restaurant""}",Comida y bebidas,comida-bebidas,Restaurantes,restaurantes,alta,observado,Sin nombre,false
5979a1d9-2be4-42d5-a98f-4ce30c1d1b03,way,607478842,,Alimentos y bebidas,restaurant,0.8040995,-77.7280894,"{""amenity"":""restaurant""}",Comida y bebidas,comida-bebidas,Restaurantes,restaurantes,alta,observado,Sin nombre,false
5979a1d9-2be4-42d5-a98f-4ce30c1d1b03,way,607478845,,Alimentos y bebidas,restaurant,0.8043059,-77.7282939,"{""amenity"":""restaurant""}",Comida y bebidas,comida-bebidas,Restaurantes,restaurantes,alta,observado,Sin nombre,false
5979a1d9-2be4-42d5-a98f-4ce30c1d1b03,way,610562125,,Alimentos y bebidas,restaurant,0.8042109,-77.7285566,"{""amenity"":""restaurant""}",Comida y bebidas,comida-bebidas,Restaurantes,restaurantes,alta,observado,Sin nombre,false
5979a1d9-2be4-42d5-a98f-4ce30c1d1b03,way,608486806,,Alimentos y bebidas,restaurant,0.8016444,-77.727086,"{""amenity"":""restaurant""}",Comida y bebidas,comida-bebidas,Restaurantes,restaurantes,alta,observado,Sin nombre,false
5979a1d9-2be4-42d5-a98f-4ce30c1d1b03,way,610522839,,Alimentos y bebidas,restaurant,0.8221678,-77.706754,"{""amenity"":""restaurant""}",Comida y bebidas,comida-bebidas,Restaurantes,restaurantes,alta,observado,Sin nombre,false
5979a1d9-2be4-42d5-a98f-4ce30c1d1b03,way,1553091553,,Alimentos y bebidas,bakery,0.8213399,-77.705873,"{""shop"":""bakery""}",Comida y bebidas,comida-bebidas,Panaderías,panaderias,alta,observado,Sin nombre,false
5979a1d9-2be4-42d5-a98f-4ce30c1d1b03,way,610526035,,Alimentos y bebidas,restaurant,0.8222725,-77.7063034,"{""amenity"":""restaurant""}",Comida y bebidas,comida-bebidas,Restaurantes,restaurantes,alta,observado,Sin nombre,false
5979a1d9-2be4-42d5-a98f-4ce30c1d1b03,way,607478613,,Alimentos y bebidas,cafe,0.794781,-77.7387855,"{""amenity"":""cafe""}",Comida y bebidas,comida-bebidas,Cafeterías,cafeterias,alta,observado,Sin nombre,false
5979a1d9-2be4-42d5-a98f-4ce30c1d1b03,way,608743954,,Alimentos y bebidas,restaurant,0.7762802,-77.7420693,"{""amenity"":""restaurant""}",Comida y bebidas,comida-bebidas,Restaurantes,restaurantes,alta,observado,Sin nombre,false
5979a1d9-2be4-42d5-a98f-4ce30c1d1b03,way,608474697,bucattos,Alimentos y bebidas,restaurant,0.8175811,-77.7131361,"{""name"":""bucattos"",""amenity"":""restaurant""}",Comida y bebidas,comida-bebidas,Restaurantes,restaurantes,alta,valido,,false
5979a1d9-2be4-42d5-a98f-4ce30c1d1b03,node,4613245193,del ahorro,Alimentos y bebidas,confectionery,0.8057455,-77.7167977,"{""name"":""del ahorro"",""shop"":""confectionery""}",Comida y bebidas,comida-bebidas,Heladerías y postres,heladerias-postres,media,valido,,false
5979a1d9-2be4-42d5-a98f-4ce30c1d1b03,node,4679052990,viveres Jhurany,Alimentos y bebidas,confectionery,0.8228013,-77.7074349,"{""name"":""viveres Jhurany"",""shop"":""confectionery""}",Comida y bebidas,comida-bebidas,Heladerías y postres,heladerias-postres,media,valido,,false
5979a1d9-2be4-42d5-a98f-4ce30c1d1b03,way,610532095,AUTO MUNDO,Automotriz y movilidad,car_repair,0.8252091,-77.7052966,"{""name"":""AUTO MUNDO"",""shop"":""car_repair""}",Automotriz y movilidad,automotriz-movilidad,Talleres automotrices,talleres-automotrices,alta,valido,,false
5979a1d9-2be4-42d5-a98f-4ce30c1d1b03,node,6282364585,Authesa,Automotriz y movilidad,car,0.7975232,-77.7350207,"{""name"":""Authesa"",""shop"":""car""}",Automotriz y movilidad,automotriz-movilidad,Venta de vehículos,venta-vehiculos,baja,valido,,false
5979a1d9-2be4-42d5-a98f-4ce30c1d1b03,node,12413481101,Eco Pits,Automotriz y movilidad,car_repair,0.8209018,-77.7086319,"{""name"":""Eco Pits"",""shop"":""car_repair""}",Automotriz y movilidad,automotriz-movilidad,Talleres automotrices,talleres-automotrices,alta,valido,,false
5979a1d9-2be4-42d5-a98f-4ce30c1d1b03,node,5849728085,Leo,Automotriz y movilidad,car_repair,0.7931769,-77.7389862,"{""name"":""Leo"",""shop"":""car_repair""}",Automotriz y movilidad,automotriz-movilidad,Talleres automotrices,talleres-automotrices,alta,valido,,false
5979a1d9-2be4-42d5-a98f-4ce30c1d1b03,way,608151244,Mecanit-K,Automotriz y movilidad,car_repair,0.7944194,-77.7365543,"{""name"":""Mecanit-K"",""shop"":""car_repair""}",Automotriz y movilidad,automotriz-movilidad,Talleres automotrices,talleres-automotrices,alta,valido,,false
5979a1d9-2be4-42d5-a98f-4ce30c1d1b03,way,610562270,Mecánica,Automotriz y movilidad,car_repair,0.8044268,-77.7286706,"{""name"":""Mecánica"",""shop"":""car_repair""}",Automotriz y movilidad,automotriz-movilidad,Talleres automotrices,talleres-automotrices,alta,valido,,false
5979a1d9-2be4-42d5-a98f-4ce30c1d1b03,way,608738429,Mecánica,Automotriz y movilidad,car_repair,0.8227013,-77.7070336,"{""name"":""Mecánica"",""shop"":""car_repair""}",Automotriz y movilidad,automotriz-movilidad,Talleres automotrices,talleres-automotrices,alta,valido,,false
5979a1d9-2be4-42d5-a98f-4ce30c1d1b03,way,607506825,Mecánica Automotriz Rosales,Automotriz y movilidad,car_repair,0.7972198,-77.7337418,"{""name"":""Mecánica Automotriz Rosales"",""shop"":""car_repair""}",Automotriz y movilidad,automotriz-movilidad,Talleres automotrices,talleres-automotrices,alta,valido,,false
5979a1d9-2be4-42d5-a98f-4ce30c1d1b03,node,4978380723,Mecánica Pergueza,Automotriz y movilidad,car_repair,0.7987524,-77.7295002,"{""name"":""Mecánica Pergueza"",""shop"":""car_repair""}",Automotriz y movilidad,automotriz-movilidad,Talleres automotrices,talleres-automotrices,alta,valido,,false
5979a1d9-2be4-42d5-a98f-4ce30c1d1b03,node,12413431701,Pits & Coffee,Automotriz y movilidad,car_repair,0.8204282,-77.7084031,"{""name"":""Pits & Coffee"",""shop"":""car_repair""}",Automotriz y movilidad,automotriz-movilidad,Talleres automotrices,talleres-automotrices,alta,valido,,false
5979a1d9-2be4-42d5-a98f-4ce30c1d1b03,way,610559266,Richard,Automotriz y movilidad,car_repair,0.8266287,-77.7034825,"{""name"":""Richard"",""shop"":""car_repair""}",Automotriz y movilidad,automotriz-movilidad,Talleres automotrices,talleres-automotrices,alta,valido,,false
5979a1d9-2be4-42d5-a98f-4ce30c1d1b03,way,608726520,Taller,Automotriz y movilidad,car_repair,0.8213208,-77.7075546,"{""name"":""Taller"",""shop"":""car_repair""}",Automotriz y movilidad,automotriz-movilidad,Talleres automotrices,talleres-automotrices,alta,valido,,false
5979a1d9-2be4-42d5-a98f-4ce30c1d1b03,way,606857909,Taller,Automotriz y movilidad,car_repair,0.8018789,-77.7320436,"{""name"":""Taller"",""shop"":""car_repair""}",Automotriz y movilidad,automotriz-movilidad,Talleres automotrices,talleres-automotrices,alta,valido,,false
5979a1d9-2be4-42d5-a98f-4ce30c1d1b03,way,607555365,Taller,Automotriz y movilidad,car_repair,0.8005287,-77.7316334,"{""name"":""Taller"",""shop"":""car_repair""}",Automotriz y movilidad,automotriz-movilidad,Talleres automotrices,talleres-automotrices,alta,valido,,false
5979a1d9-2be4-42d5-a98f-4ce30c1d1b03,way,607478495,Taller,Automotriz y movilidad,car_repair,0.8027383,-77.7334537,"{""name"":""Taller"",""shop"":""car_repair""}",Automotriz y movilidad,automotriz-movilidad,Talleres automotrices,talleres-automotrices,alta,valido,,false
5979a1d9-2be4-42d5-a98f-4ce30c1d1b03,way,607478575,Taller,Automotriz y movilidad,car_repair,0.803351,-77.7348559,"{""name"":""Taller"",""shop"":""car_repair""}",Automotriz y movilidad,automotriz-movilidad,Talleres automotrices,talleres-automotrices,alta,valido,,false
5979a1d9-2be4-42d5-a98f-4ce30c1d1b03,node,13573974331,Taller Arcos,Automotriz y movilidad,car_repair,0.7904521,-77.7431196,"{""name"":""Taller Arcos"",""shop"":""car_repair""}",Automotriz y movilidad,automotriz-movilidad,Talleres automotrices,talleres-automotrices,alta,valido,,false
5979a1d9-2be4-42d5-a98f-4ce30c1d1b03,way,607507359,Taller Automotriz,Automotriz y movilidad,car_repair,0.7973158,-77.7335347,"{""name"":""Taller Automotriz"",""shop"":""car_repair""}",Automotriz y movilidad,automotriz-movilidad,Talleres automotrices,talleres-automotrices,alta,valido,,false
5979a1d9-2be4-42d5-a98f-4ce30c1d1b03,way,606567958,Taller Automotriz DIESEL,Automotriz y movilidad,car_repair,0.7951358,-77.7321902,"{""name"":""Taller Automotriz DIESEL"",""shop"":""car_repair""}",Automotriz y movilidad,automotriz-movilidad,Talleres automotrices,talleres-automotrices,alta,valido,,false
5979a1d9-2be4-42d5-a98f-4ce30c1d1b03,node,13573974330,Tecnimotor,Automotriz y movilidad,car_repair,0.7907184,-77.7429771,"{""name"":""Tecnimotor"",""shop"":""car_repair""}",Automotriz y movilidad,automotriz-movilidad,Talleres automotrices,talleres-automotrices,alta,valido,,false
5979a1d9-2be4-42d5-a98f-4ce30c1d1b03,way,610703104,,Automotriz y movilidad,bicycle,0.8148179,-77.7157724,"{""shop"":""bicycle""}",Automotriz y movilidad,automotriz-movilidad,Transporte y movilidad,transporte-movilidad,media,observado,"Sin nombre | Revisar si venta, taller o movilidad.",false
5979a1d9-2be4-42d5-a98f-4ce30c1d1b03,way,607227779,,Automotriz y movilidad,car_repair,0.7960493,-77.7362056,"{""shop"":""car_repair""}",Automotriz y movilidad,automotriz-movilidad,Talleres automotrices,talleres-automotrices,alta,observado,Sin nombre,false
5979a1d9-2be4-42d5-a98f-4ce30c1d1b03,node,4423486792,,Automotriz y movilidad,car_repair,0.7954983,-77.738315,"{""shop"":""car_repair""}",Automotriz y movilidad,automotriz-movilidad,Talleres automotrices,talleres-automotrices,alta,observado,Sin nombre,false
5979a1d9-2be4-42d5-a98f-4ce30c1d1b03,node,13396305263,Face Look,Belleza y cuidado personal,hairdresser,0.8120616,-77.7178738,"{""name"":""Face Look"",""shop"":""hairdresser""}",Belleza y cuidado personal,belleza-cuidado-personal,Peluquerías,peluquerias,alta,valido,,false
5979a1d9-2be4-42d5-a98f-4ce30c1d1b03,node,12426526401,Lavandería Todo,Belleza y cuidado personal,laundry,0.8176423,-77.7148302,"{""name"":""Lavandería Todo"",""shop"":""laundry""}",Belleza y cuidado personal,belleza-cuidado-personal,Lavanderías,lavanderias,alta,valido,,false
5979a1d9-2be4-42d5-a98f-4ce30c1d1b03,way,607543487,Peluquería,Belleza y cuidado personal,hairdresser,0.7985897,-77.7337296,"{""name"":""Peluquería"",""shop"":""hairdresser""}",Belleza y cuidado personal,belleza-cuidado-personal,Peluquerías,peluquerias,alta,valido,,false
5979a1d9-2be4-42d5-a98f-4ce30c1d1b03,node,5783657642,Salon,Belleza y cuidado personal,hairdresser,0.8136768,-77.7178354,"{""name"":""Salon"",""shop"":""hairdresser""}",Belleza y cuidado personal,belleza-cuidado-personal,Peluquerías,peluquerias,alta,valido,,false
5979a1d9-2be4-42d5-a98f-4ce30c1d1b03,way,607545050,,Belleza y cuidado personal,hairdresser,0.8019345,-77.7306712,"{""shop"":""hairdresser""}",Belleza y cuidado personal,belleza-cuidado-personal,Peluquerías,peluquerias,alta,observado,Sin nombre,false
5979a1d9-2be4-42d5-a98f-4ce30c1d1b03,node,4978496121,lavandería Laundry,Belleza y cuidado personal,laundry,0.8056732,-77.7268348,"{""name"":""lavandería Laundry"",""shop"":""laundry""}",Belleza y cuidado personal,belleza-cuidado-personal,Lavanderías,lavanderias,alta,valido,,false
5979a1d9-2be4-42d5-a98f-4ce30c1d1b03,node,8196314217,Central de Taxi Ejecutivo CacikTulcanaza,"Deportes, viajes y ocio",travel_agency,0.8249933,-77.7124659,"{""name"":""Central de Taxi Ejecutivo CacikTulcanaza"",""shop"":""travel_agency""}","Entretenimiento, deporte y turismo",entretenimiento-deporte-turismo,Turismo y viajes,turismo-viajes,alta,valido,,false
5979a1d9-2be4-42d5-a98f-4ce30c1d1b03,node,4140606690,"Compañia de Taxi Ejecutivo ""21 de Abril""","Deportes, viajes y ocio",travel_agency,0.8166254,-77.7102701,"{""name"":""Compañia de Taxi Ejecutivo \""21 de Abril\"""",""shop"":""travel_agency""}","Entretenimiento, deporte y turismo",entretenimiento-deporte-turismo,Turismo y viajes,turismo-viajes,alta,valido,,false
5979a1d9-2be4-42d5-a98f-4ce30c1d1b03,node,4978496222,EMELNORTE,"Deportes, viajes y ocio",outdoor,0.8109271,-77.7179868,"{""name"":""EMELNORTE"",""shop"":""outdoor""}","Entretenimiento, deporte y turismo",entretenimiento-deporte-turismo,Deportes,deportes,baja,observado,Etiqueta outdoor incompatible con el nombre; requiere revisión manual.,false
5979a1d9-2be4-42d5-a98f-4ce30c1d1b03,node,8090127327,Marathon,"Deportes, viajes y ocio",sports,0.7979192,-77.7349489,"{""name"":""Marathon"",""shop"":""sports""}","Entretenimiento, deporte y turismo",entretenimiento-deporte-turismo,Deportes,deportes,alta,valido,,false
5979a1d9-2be4-42d5-a98f-4ce30c1d1b03,node,4978422025,Pista de skate,"Deportes, viajes y ocio",sports,0.8027974,-77.7319741,"{""name"":""Pista de skate"",""shop"":""sports""}","Entretenimiento, deporte y turismo",entretenimiento-deporte-turismo,Deportes,deportes,alta,valido,,false
5979a1d9-2be4-42d5-a98f-4ce30c1d1b03,node,2955376548,,"Deportes, viajes y ocio",ticket,0.8044717,-77.7275953,"{""shop"":""ticket""}","Entretenimiento, deporte y turismo",entretenimiento-deporte-turismo,Entretenimiento,entretenimiento,media,observado,Sin nombre | Revisar tipo de boletería/servicio.,false
5979a1d9-2be4-42d5-a98f-4ce30c1d1b03,node,11909461449,Bazar y Papelería Carmita,"Educación, papelería y regalos",stationery,0.8186788,-77.7090441,"{""name"":""Bazar y Papelería Carmita"",""shop"":""stationery""}",Educación y papelería,educacion-papeleria,Papelerías,papelerias,alta,valido,,false
5979a1d9-2be4-42d5-a98f-4ce30c1d1b03,node,2957720835,Juguetón,"Educación, papelería y regalos",toys,0.7980614,-77.73533,"{""name"":""Juguetón"",""shop"":""toys""}",Educación y papelería,educacion-papeleria,Jugueterías,jugueterias,media,valido,,false
5979a1d9-2be4-42d5-a98f-4ce30c1d1b03,node,10737252909,Mercedes Suarez,"Educación, papelería y regalos",stationery,0.803674,-77.7279592,"{""name"":""Mercedes Suarez"",""shop"":""stationery""}",Educación y papelería,educacion-papeleria,Papelerías,papelerias,alta,valido,,false
5979a1d9-2be4-42d5-a98f-4ce30c1d1b03,node,5783548750,Mina de Oro,"Educación, papelería y regalos",toys,0.8129874,-77.7179768,"{""name"":""Mina de Oro"",""shop"":""toys""}",Educación y papelería,educacion-papeleria,Jugueterías,jugueterias,media,valido,,false
5979a1d9-2be4-42d5-a98f-4ce30c1d1b03,node,10141479817,PAPELERÍA,"Educación, papelería y regalos",stationery,0.7972528,-77.7342122,"{""name"":""PAPELERÍA"",""shop"":""stationery""}",Educación y papelería,educacion-papeleria,Papelerías,papelerias,alta,valido,,false
5979a1d9-2be4-42d5-a98f-4ce30c1d1b03,node,10737252910,Papeleria Aguirre,"Educación, papelería y regalos",stationery,0.8172742,-77.7121099,"{""name"":""Papeleria Aguirre"",""shop"":""stationery""}",Educación y papelería,educacion-papeleria,Papelerías,papelerias,alta,valido,,false
5979a1d9-2be4-42d5-a98f-4ce30c1d1b03,node,10737497305,Papeleria Camilita,"Educación, papelería y regalos",stationery,0.8177615,-77.7117716,"{""name"":""Papeleria Camilita"",""shop"":""stationery""}",Educación y papelería,educacion-papeleria,Papelerías,papelerias,alta,valido,,false
5979a1d9-2be4-42d5-a98f-4ce30c1d1b03,node,10737460705,Papeleria Catek,"Educación, papelería y regalos",stationery,0.8192132,-77.7118996,"{""name"":""Papeleria Catek"",""shop"":""stationery""}",Educación y papelería,educacion-papeleria,Papelerías,papelerias,alta,valido,,false
5979a1d9-2be4-42d5-a98f-4ce30c1d1b03,node,10737774506,Papeleria Copywilson,"Educación, papelería y regalos",stationery,0.8113538,-77.7173921,"{""name"":""Papeleria Copywilson"",""shop"":""stationery""}",Educación y papelería,educacion-papeleria,Papelerías,papelerias,alta,valido,,false
5979a1d9-2be4-42d5-a98f-4ce30c1d1b03,node,10737761106,Papeleria Copywilson,"Educación, papelería y regalos",stationery,0.8112916,-77.7182106,"{""name"":""Papeleria Copywilson"",""shop"":""stationery""}",Educación y papelería,educacion-papeleria,Papelerías,papelerias,alta,valido,,false
5979a1d9-2be4-42d5-a98f-4ce30c1d1b03,node,10737768605,Papeleria Ecuatoriana,"Educación, papelería y regalos",stationery,0.8117088,-77.7185858,"{""name"":""Papeleria Ecuatoriana"",""shop"":""stationery""}",Educación y papelería,educacion-papeleria,Papelerías,papelerias,alta,valido,,false
5979a1d9-2be4-42d5-a98f-4ce30c1d1b03,node,10737719605,Papeleria Feria del Cuaderno,"Educación, papelería y regalos",stationery,0.8149638,-77.714839,"{""name"":""Papeleria Feria del Cuaderno"",""shop"":""stationery""}",Educación y papelería,educacion-papeleria,Papelerías,papelerias,alta,valido,,false
5979a1d9-2be4-42d5-a98f-4ce30c1d1b03,node,10737730105,Papeleria Mantilla,"Educación, papelería y regalos",stationery,0.8140654,-77.7152537,"{""name"":""Papeleria Mantilla"",""shop"":""stationery""}",Educación y papelería,educacion-papeleria,Papelerías,papelerias,alta,valido,,false
5979a1d9-2be4-42d5-a98f-4ce30c1d1b03,node,10737768606,Papeleria Mateo’s Variedades,"Educación, papelería y regalos",stationery,0.8122391,-77.7157489,"{""name"":""Papeleria Mateo’s Variedades"",""shop"":""stationery""}",Educación y papelería,educacion-papeleria,Papelerías,papelerias,alta,valido,,false
5979a1d9-2be4-42d5-a98f-4ce30c1d1b03,node,10737471505,Papeleria Orbe,"Educación, papelería y regalos",stationery,0.819612,-77.7093916,"{""name"":""Papeleria Orbe"",""shop"":""stationery""}",Educación y papelería,educacion-papeleria,Papelerías,papelerias,alta,valido,,false
5979a1d9-2be4-42d5-a98f-4ce30c1d1b03,node,10738283405,Pápeleria la Casa del Libro,"Educación, papelería y regalos",stationery,0.8113402,-77.7174737,"{""name"":""Pápeleria la Casa del Libro"",""shop"":""stationery""}",Educación y papelería,educacion-papeleria,Papelerías,papelerias,alta,valido,,false
5979a1d9-2be4-42d5-a98f-4ce30c1d1b03,node,13175959587,,"Educación, papelería y regalos",stationery,0.8168644,-77.7150346,"{""shop"":""stationery""}",Educación y papelería,educacion-papeleria,Papelerías,papelerias,alta,observado,Sin nombre,false
5979a1d9-2be4-42d5-a98f-4ce30c1d1b03,way,607578723,,"Educación, papelería y regalos",stationery,0.7979027,-77.73394,"{""shop"":""stationery""}",Educación y papelería,educacion-papeleria,Papelerías,papelerias,alta,observado,Sin nombre,false
5979a1d9-2be4-42d5-a98f-4ce30c1d1b03,node,6279303185,BANECUADOR,Finanzas,bank,0.8119153,-77.7184582,"{""name"":""BANECUADOR"",""amenity"":""bank""}",Servicios y oficios,servicios-oficios,Servicios financieros,servicios-financieros,alta,valido,,false
5979a1d9-2be4-42d5-a98f-4ce30c1d1b03,node,5766632853,Banco Austral,Finanzas,bank,0.8131395,-77.7175794,"{""name"":""Banco Austral"",""amenity"":""bank""}",Servicios y oficios,servicios-oficios,Servicios financieros,servicios-financieros,alta,valido,,false
5979a1d9-2be4-42d5-a98f-4ce30c1d1b03,way,608489895,Banco Pichincha,Finanzas,bank,0.8118322,-77.7176913,"{""name"":""Banco Pichincha"",""amenity"":""bank""}",Servicios y oficios,servicios-oficios,Servicios financieros,servicios-financieros,alta,valido,,false
5979a1d9-2be4-42d5-a98f-4ce30c1d1b03,way,1343298400,Banco de Guayaquil,Finanzas,bank,0.8115625,-77.717474,"{""name"":""Banco de Guayaquil"",""amenity"":""bank""}",Servicios y oficios,servicios-oficios,Servicios financieros,servicios-financieros,alta,valido,,false
5979a1d9-2be4-42d5-a98f-4ce30c1d1b03,way,1342290758,Banco del Austro,Finanzas,bank,0.812232,-77.7176905,"{""name"":""Banco del Austro"",""amenity"":""bank""}",Servicios y oficios,servicios-oficios,Servicios financieros,servicios-financieros,alta,valido,,false
5979a1d9-2be4-42d5-a98f-4ce30c1d1b03,node,12426870201,Coooerativa Mujeres Unidas,Finanzas,bank,0.8114606,-77.7173559,"{""name"":""Coooerativa Mujeres Unidas"",""amenity"":""bank""}",Servicios y oficios,servicios-oficios,Servicios financieros,servicios-financieros,alta,valido,,false
5979a1d9-2be4-42d5-a98f-4ce30c1d1b03,node,3209385547,Coop. de Ahorro y Crédito Acción Imbaburapak,Finanzas,bank,0.8140715,-77.7164086,"{""name"":""Coop. de Ahorro y Crédito Acción Imbaburapak"",""amenity"":""bank""}",Servicios y oficios,servicios-oficios,Servicios financieros,servicios-financieros,alta,valido,,false
5979a1d9-2be4-42d5-a98f-4ce30c1d1b03,node,4945053922,Cooperativa 29 de Octubre,Finanzas,bank,0.8126963,-77.716083,"{""name"":""Cooperativa 29 de Octubre"",""amenity"":""bank""}",Servicios y oficios,servicios-oficios,Servicios financieros,servicios-financieros,alta,valido,,false
5979a1d9-2be4-42d5-a98f-4ce30c1d1b03,way,608486115,Cooperativa Acción Imbaburapak,Finanzas,bank,0.8153233,-77.7146008,"{""name"":""Cooperativa Acción Imbaburapak"",""amenity"":""bank""}",Servicios y oficios,servicios-oficios,Servicios financieros,servicios-financieros,alta,valido,,false
5979a1d9-2be4-42d5-a98f-4ce30c1d1b03,way,608738829,Cooperativa CACET,Finanzas,bank,0.8157688,-77.7146554,"{""name"":""Cooperativa CACET"",""amenity"":""bank""}",Servicios y oficios,servicios-oficios,Servicios financieros,servicios-financieros,alta,valido,,false
5979a1d9-2be4-42d5-a98f-4ce30c1d1b03,way,607158953,Cooperativa Tulcán,Finanzas,bank,0.8142236,-77.7152547,"{""name"":""Cooperativa Tulcán"",""amenity"":""bank""}",Servicios y oficios,servicios-oficios,Servicios financieros,servicios-financieros,alta,valido,,false
5979a1d9-2be4-42d5-a98f-4ce30c1d1b03,way,608486114,Cooperativa de Ahorro y Crédito Chibuleo,Finanzas,bank,0.8154202,-77.7145362,"{""name"":""Cooperativa de Ahorro y Crédito Chibuleo"",""amenity"":""bank""}",Servicios y oficios,servicios-oficios,Servicios financieros,servicios-financieros,alta,valido,,false
5979a1d9-2be4-42d5-a98f-4ce30c1d1b03,way,608489891,Cooperativa de Ahorro y Crédito Pablo Muñoz Vega,Finanzas,bank,0.8108085,-77.7162997,"{""name"":""Cooperativa de Ahorro y Crédito Pablo Muñoz Vega"",""amenity"":""bank""}",Servicios y oficios,servicios-oficios,Servicios financieros,servicios-financieros,alta,valido,,false
5979a1d9-2be4-42d5-a98f-4ce30c1d1b03,way,608740273,Cooperativa de Ahorro y Crédito Pilahuin Tio,Finanzas,bank,0.815538,-77.7148608,"{""name"":""Cooperativa de Ahorro y Crédito Pilahuin Tio"",""amenity"":""bank""}",Servicios y oficios,servicios-oficios,Servicios financieros,servicios-financieros,alta,valido,,false
5979a1d9-2be4-42d5-a98f-4ce30c1d1b03,node,5916806669,Cooperativa de Ahorro y Crédito San Gabriel,Finanzas,bank,0.8121794,-77.7167345,"{""name"":""Cooperativa de Ahorro y Crédito San Gabriel"",""amenity"":""bank""}",Servicios y oficios,servicios-oficios,Servicios financieros,servicios-financieros,alta,valido,,false
5979a1d9-2be4-42d5-a98f-4ce30c1d1b03,node,4621217989,Cooperativa de la Policía,Finanzas,bank,0.8120062,-77.7192407,"{""name"":""Cooperativa de la Policía"",""amenity"":""bank""}",Servicios y oficios,servicios-oficios,Servicios financieros,servicios-financieros,alta,valido,,false
5979a1d9-2be4-42d5-a98f-4ce30c1d1b03,way,608489896,Cooperativo de Ahorro y Crédito 23 de julio,Finanzas,bank,0.8119708,-77.7177468,"{""name"":""Cooperativo de Ahorro y Crédito 23 de julio"",""amenity"":""bank""}",Servicios y oficios,servicios-oficios,Servicios financieros,servicios-financieros,alta,valido,,false
5979a1d9-2be4-42d5-a98f-4ce30c1d1b03,node,10141467417,Mi Vecino Banco Pichincha,Finanzas,bank,0.7972848,-77.7342432,"{""name"":""Mi Vecino Banco Pichincha"",""amenity"":""bank""}",Servicios y oficios,servicios-oficios,Servicios financieros,servicios-financieros,alta,valido,,false
5979a1d9-2be4-42d5-a98f-4ce30c1d1b03,way,1460526666,VisionFund,Finanzas,bank,0.8140482,-77.7148268,"{""name"":""VisionFund"",""amenity"":""bank""}",Servicios y oficios,servicios-oficios,Servicios financieros,servicios-financieros,alta,valido,,false
5979a1d9-2be4-42d5-a98f-4ce30c1d1b03,way,610522821,Aserradero,"Hogar, ferretería y construcción",sawmill,0.8217731,-77.7074984,"{""name"":""Aserradero"",""craft"":""sawmill""}",Hogar y construcción,hogar-construccion,Materiales de construcción,materiales-construccion,alta,valido,,false
5979a1d9-2be4-42d5-a98f-4ce30c1d1b03,way,610522852,Aserradero,"Hogar, ferretería y construcción",sawmill,0.8216414,-77.7071571,"{""name"":""Aserradero"",""craft"":""sawmill""}",Hogar y construcción,hogar-construccion,Materiales de construcción,materiales-construccion,alta,valido,,false
5979a1d9-2be4-42d5-a98f-4ce30c1d1b03,way,608681692,Comercial Carchi,"Hogar, ferretería y construcción",hardware,0.8183994,-77.7100478,"{""name"":""Comercial Carchi"",""shop"":""hardware""}",Hogar y construcción,hogar-construccion,Ferreterías,ferreterias,alta,valido,,false
5979a1d9-2be4-42d5-a98f-4ce30c1d1b03,node,4256196300,Comercial Segarra,"Hogar, ferretería y construcción",furniture,0.8130495,-77.7153335,"{""name"":""Comercial Segarra"",""shop"":""furniture""}",Hogar y construcción,hogar-construccion,Muebles y decoración,muebles-decoracion,alta,valido,,false
5979a1d9-2be4-42d5-a98f-4ce30c1d1b03,way,608726511,FERRETERÍA TULCÁN,"Hogar, ferretería y construcción",hardware,0.8222581,-77.7078954,"{""name"":""FERRETERÍA TULCÁN"",""shop"":""hardware""}",Hogar y construcción,hogar-construccion,Ferreterías,ferreterias,alta,valido,,false
5979a1d9-2be4-42d5-a98f-4ce30c1d1b03,node,6561316086,FERROALVID,"Hogar, ferretería y construcción",hardware,0.8101805,-77.7218499,"{""name"":""FERROALVID"",""shop"":""hardware""}",Hogar y construcción,hogar-construccion,Ferreterías,ferreterias,alta,valido,,false
5979a1d9-2be4-42d5-a98f-4ce30c1d1b03,way,607551451,Ferretería,"Hogar, ferretería y construcción",hardware,0.8019109,-77.7307199,"{""name"":""Ferretería"",""shop"":""hardware""}",Hogar y construcción,hogar-construccion,Ferreterías,ferreterias,alta,valido,,false
5979a1d9-2be4-42d5-a98f-4ce30c1d1b03,way,606567956,Ferretería,"Hogar, ferretería y construcción",hardware,0.7954669,-77.7323994,"{""name"":""Ferretería"",""shop"":""hardware""}",Hogar y construcción,hogar-construccion,Ferreterías,ferreterias,alta,valido,,false
5979a1d9-2be4-42d5-a98f-4ce30c1d1b03,node,5799766253,Ferretería Carchi,"Hogar, ferretería y construcción",hardware,0.8183602,-77.7103126,"{""name"":""Ferretería Carchi"",""shop"":""hardware""}",Hogar y construcción,hogar-construccion,Ferreterías,ferreterias,alta,valido,,false
5979a1d9-2be4-42d5-a98f-4ce30c1d1b03,node,13573974329,Ferretería Guerrero,"Hogar, ferretería y construcción",hardware,0.7917238,-77.7424143,"{""name"":""Ferretería Guerrero"",""shop"":""hardware""}",Hogar y construcción,hogar-construccion,Ferreterías,ferreterias,alta,valido,,false
5979a1d9-2be4-42d5-a98f-4ce30c1d1b03,way,607478620,Ferretería en construcción,"Hogar, ferretería y construcción",hardware,0.795175,-77.7382975,"{""name"":""Ferretería en construcción"",""shop"":""hardware""}",Hogar y construcción,hogar-construccion,Ferreterías,ferreterias,alta,valido,,false
5979a1d9-2be4-42d5-a98f-4ce30c1d1b03,node,2957720836,Kywi,"Hogar, ferretería y construcción",hardware,0.7978513,-77.7353035,"{""name"":""Kywi"",""shop"":""hardware""}",Hogar y construcción,hogar-construccion,Ferreterías,ferreterias,alta,valido,,false
5979a1d9-2be4-42d5-a98f-4ce30c1d1b03,node,5713513739,La Casa del Constructor,"Hogar, ferretería y construcción",hardware,0.7999957,-77.731993,"{""name"":""La Casa del Constructor"",""shop"":""hardware""}",Hogar y construcción,hogar-construccion,Ferreterías,ferreterias,alta,valido,,false
5979a1d9-2be4-42d5-a98f-4ce30c1d1b03,node,13573974308,Macroferreterías,"Hogar, ferretería y construcción",hardware,0.7929306,-77.7413065,"{""name"":""Macroferreterías"",""shop"":""hardware""}",Hogar y construcción,hogar-construccion,Ferreterías,ferreterias,alta,valido,,false
5979a1d9-2be4-42d5-a98f-4ce30c1d1b03,node,5713514526,SOCIEDAD CIVIL ANONIMA,"Hogar, ferretería y construcción",hardware,0.8120916,-77.7208557,"{""name"":""SOCIEDAD CIVIL ANONIMA"",""shop"":""hardware""}",Hogar y construcción,hogar-construccion,Ferreterías,ferreterias,alta,valido,,false
5979a1d9-2be4-42d5-a98f-4ce30c1d1b03,node,5713513738,SOCIEDAD CIVIL ANONIMA,"Hogar, ferretería y construcción",hardware,0.817661,-77.7131347,"{""name"":""SOCIEDAD CIVIL ANONIMA"",""shop"":""hardware""}",Hogar y construcción,hogar-construccion,Ferreterías,ferreterias,alta,valido,,false
5979a1d9-2be4-42d5-a98f-4ce30c1d1b03,way,1479832130,Servicio metalmecánica Obando,"Hogar, ferretería y construcción",metal_construction,0.7882744,-77.7439316,"{""name"":""Servicio metalmecánica Obando"",""craft"":""metal_construction""}",Hogar y construcción,hogar-construccion,Materiales de construcción,materiales-construccion,media,valido,,false
5979a1d9-2be4-42d5-a98f-4ce30c1d1b03,way,610738122,,"Hogar, ferretería y construcción",paint,0.8184111,-77.7145675,"{""shop"":""paint""}",Hogar y construcción,hogar-construccion,Materiales de construcción,materiales-construccion,media,observado,Sin nombre | Pintura agrupada temporalmente en materiales.,false
5979a1d9-2be4-42d5-a98f-4ce30c1d1b03,way,610748515,,"Hogar, ferretería y construcción",metal_construction,0.8196984,-77.7136172,"{""craft"":""metal_construction""}",Hogar y construcción,hogar-construccion,Materiales de construcción,materiales-construccion,media,observado,Sin nombre,false
5979a1d9-2be4-42d5-a98f-4ce30c1d1b03,way,610522825,,"Hogar, ferretería y construcción",hardware,0.8216717,-77.7074803,"{""shop"":""hardware""}",Hogar y construcción,hogar-construccion,Ferreterías,ferreterias,alta,observado,Sin nombre,false
5979a1d9-2be4-42d5-a98f-4ce30c1d1b03,way,610559284,,"Hogar, ferretería y construcción",carpenter,0.8264284,-77.7042105,"{""craft"":""carpenter""}",Hogar y construcción,hogar-construccion,Servicios para el hogar,servicios-hogar,media,observado,Sin nombre | Carpintería; revisar si debe pasar a Servicios y oficios.,false
5979a1d9-2be4-42d5-a98f-4ce30c1d1b03,node,13396305258,Adictos sports,Moda y accesorios,clothes,0.8148734,-77.7151518,"{""name"":""Adictos sports"",""shop"":""clothes""}",Moda y accesorios,moda-accesorios,Ropa,ropa,alta,valido,,false
5979a1d9-2be4-42d5-a98f-4ce30c1d1b03,way,608486108,Calzado Yolita,Moda y accesorios,shoes,0.8144476,-77.7148311,"{""name"":""Calzado Yolita"",""shop"":""shoes""}",Moda y accesorios,moda-accesorios,Calzado,calzado,alta,valido,,false
5979a1d9-2be4-42d5-a98f-4ce30c1d1b03,node,5075482621,DISTRIBUIDORA MASBELLA SPORT,Moda y accesorios,clothes,0.81034,-77.7194337,"{""name"":""DISTRIBUIDORA MASBELLA SPORT"",""shop"":""clothes""}",Moda y accesorios,moda-accesorios,Ropa,ropa,alta,valido,,false
5979a1d9-2be4-42d5-a98f-4ce30c1d1b03,node,5783657637,Moncerrat Sport,Moda y accesorios,clothes,0.8138038,-77.7179515,"{""name"":""Moncerrat Sport"",""shop"":""clothes""}",Moda y accesorios,moda-accesorios,Ropa,ropa,alta,valido,,false
5979a1d9-2be4-42d5-a98f-4ce30c1d1b03,way,607543497,ROPA,Moda y accesorios,clothes,0.7989598,-77.7339823,"{""name"":""ROPA"",""shop"":""clothes""}",Moda y accesorios,moda-accesorios,Ropa,ropa,alta,valido,,false
5979a1d9-2be4-42d5-a98f-4ce30c1d1b03,node,13396305264,,Moda y accesorios,clothes,0.8114359,-77.7183223,"{""shop"":""clothes""}",Moda y accesorios,moda-accesorios,Ropa,ropa,alta,observado,Sin nombre,false
5979a1d9-2be4-42d5-a98f-4ce30c1d1b03,node,13395354845,,Moda y accesorios,shoes,0.8132899,-77.7160708,"{""shop"":""shoes""}",Moda y accesorios,moda-accesorios,Calzado,calzado,alta,observado,Sin nombre,false
5979a1d9-2be4-42d5-a98f-4ce30c1d1b03,way,607553226,Zapateria,Moda y accesorios,shoemaker,0.8015601,-77.7309937,"{""name"":""Zapateria"",""craft"":""shoemaker""}",Servicios y oficios,servicios-oficios,Reparaciones,reparaciones,media,valido,,false
5979a1d9-2be4-42d5-a98f-4ce30c1d1b03,node,5783668083,Carol,Otros comercios y servicios,florist,0.8139035,-77.7171311,"{""name"":""Carol"",""shop"":""florist""}",Tiendas y supermercados,tiendas-supermercados,Floristerías,floristerias,baja,valido,,false
5979a1d9-2be4-42d5-a98f-4ce30c1d1b03,way,607547802,Fabrinet,Otros comercios y servicios,internet_cafe,0.8021589,-77.7307979,"{""name"":""Fabrinet"",""amenity"":""internet_cafe""}",Tecnología y electrónica,tecnologia-electronica,Computación,computacion,baja,valido,,false
5979a1d9-2be4-42d5-a98f-4ce30c1d1b03,way,610703080,,Otros comercios y servicios,alcohol,0.8145204,-77.7159822,"{""shop"":""alcohol""}",Comida y bebidas,comida-bebidas,Bares y bebidas,bares-bebidas,media,observado,Sin nombre | Categoría preliminar antigua no coincide; revisar negocio.,false
5979a1d9-2be4-42d5-a98f-4ce30c1d1b03,way,610744864,,Otros comercios y servicios,florist,0.8190997,-77.7139749,"{""shop"":""florist""}",Tiendas y supermercados,tiendas-supermercados,Floristerías,floristerias,baja,observado,Sin nombre,false
5979a1d9-2be4-42d5-a98f-4ce30c1d1b03,node,5001611826,Centro Naturista,Salud y bienestar,pharmacy,0.8131205,-77.7176428,"{""name"":""Centro Naturista"",""amenity"":""pharmacy""}",Salud y bienestar,salud-bienestar,Farmacias,farmacias,alta,valido,,false
5979a1d9-2be4-42d5-a98f-4ce30c1d1b03,node,5001611736,Centro Naturista,Salud y bienestar,pharmacy,0.8132351,-77.7161635,"{""name"":""Centro Naturista"",""amenity"":""pharmacy""}",Salud y bienestar,salud-bienestar,Farmacias,farmacias,alta,valido,,false
5979a1d9-2be4-42d5-a98f-4ce30c1d1b03,node,5001611825,Centro Naturista,Salud y bienestar,pharmacy,0.8134487,-77.7160691,"{""name"":""Centro Naturista"",""amenity"":""pharmacy""}",Salud y bienestar,salud-bienestar,Farmacias,farmacias,alta,valido,,false
5979a1d9-2be4-42d5-a98f-4ce30c1d1b03,node,5001611523,Centro Naturista,Salud y bienestar,pharmacy,0.8142173,-77.7162913,"{""name"":""Centro Naturista"",""amenity"":""pharmacy""}",Salud y bienestar,salud-bienestar,Farmacias,farmacias,alta,valido,,false
5979a1d9-2be4-42d5-a98f-4ce30c1d1b03,node,5001611735,Centro Naturista,Salud y bienestar,pharmacy,0.8145476,-77.7159177,"{""name"":""Centro Naturista"",""amenity"":""pharmacy""}",Salud y bienestar,salud-bienestar,Farmacias,farmacias,alta,valido,,false
5979a1d9-2be4-42d5-a98f-4ce30c1d1b03,node,5001501447,Centro Naturista,Salud y bienestar,pharmacy,0.815149,-77.7146663,"{""name"":""Centro Naturista"",""amenity"":""pharmacy""}",Salud y bienestar,salud-bienestar,Farmacias,farmacias,alta,valido,,false
5979a1d9-2be4-42d5-a98f-4ce30c1d1b03,node,5783507545,Centro Naturista El Eden,Salud y bienestar,pharmacy,0.8131132,-77.7178111,"{""name"":""Centro Naturista El Eden"",""amenity"":""pharmacy""}",Salud y bienestar,salud-bienestar,Farmacias,farmacias,alta,valido,,false
5979a1d9-2be4-42d5-a98f-4ce30c1d1b03,node,5783647024,Cruz Azul,Salud y bienestar,pharmacy,0.8132997,-77.717564,"{""name"":""Cruz Azul"",""amenity"":""pharmacy""}",Salud y bienestar,salud-bienestar,Farmacias,farmacias,alta,valido,,false
5979a1d9-2be4-42d5-a98f-4ce30c1d1b03,node,12413336101,Cruz Azul,Salud y bienestar,pharmacy,0.8157552,-77.7144548,"{""name"":""Cruz Azul"",""amenity"":""pharmacy""}",Salud y bienestar,salud-bienestar,Farmacias,farmacias,alta,valido,,false
5979a1d9-2be4-42d5-a98f-4ce30c1d1b03,node,13396305257,Cruz Azul,Salud y bienestar,pharmacy,0.8158351,-77.7139945,"{""name"":""Cruz Azul"",""amenity"":""pharmacy""}",Salud y bienestar,salud-bienestar,Farmacias,farmacias,alta,valido,,false
5979a1d9-2be4-42d5-a98f-4ce30c1d1b03,node,4249631289,Cruz Azul,Salud y bienestar,pharmacy,0.8203175,-77.7082121,"{""name"":""Cruz Azul"",""amenity"":""pharmacy""}",Salud y bienestar,salud-bienestar,Farmacias,farmacias,alta,valido,,false
5979a1d9-2be4-42d5-a98f-4ce30c1d1b03,node,4978422022,Cruz azul,Salud y bienestar,pharmacy,0.8015593,-77.7308933,"{""name"":""Cruz azul"",""amenity"":""pharmacy""}",Salud y bienestar,salud-bienestar,Farmacias,farmacias,alta,valido,,false
5979a1d9-2be4-42d5-a98f-4ce30c1d1b03,way,606600479,Farmacia,Salud y bienestar,pharmacy,0.7946394,-77.7385331,"{""name"":""Farmacia"",""amenity"":""pharmacy""}",Salud y bienestar,salud-bienestar,Farmacias,farmacias,alta,valido,,false
5979a1d9-2be4-42d5-a98f-4ce30c1d1b03,node,4945794821,Farmacia Nova,Salud y bienestar,pharmacy,0.8196661,-77.7105519,"{""name"":""Farmacia Nova"",""amenity"":""pharmacy""}",Salud y bienestar,salud-bienestar,Farmacias,farmacias,alta,valido,,false
5979a1d9-2be4-42d5-a98f-4ce30c1d1b03,node,12413285801,Farmacia Tulcán,Salud y bienestar,pharmacy,0.8131632,-77.7164211,"{""name"":""Farmacia Tulcán"",""amenity"":""pharmacy""}",Salud y bienestar,salud-bienestar,Farmacias,farmacias,alta,valido,,false
5979a1d9-2be4-42d5-a98f-4ce30c1d1b03,node,13396305256,Farmacias Santa Martha,Salud y bienestar,pharmacy,0.8159127,-77.7138771,"{""name"":""Farmacias Santa Martha"",""amenity"":""pharmacy""}",Salud y bienestar,salud-bienestar,Farmacias,farmacias,alta,valido,,false
5979a1d9-2be4-42d5-a98f-4ce30c1d1b03,node,13573974316,MEDIPharm,Salud y bienestar,pharmacy,0.7920198,-77.7422242,"{""name"":""MEDIPharm"",""amenity"":""pharmacy""}",Salud y bienestar,salud-bienestar,Farmacias,farmacias,alta,valido,,false
5979a1d9-2be4-42d5-a98f-4ce30c1d1b03,way,607578724,,Salud y bienestar,pharmacy,0.7979623,-77.7338553,"{""amenity"":""pharmacy""}",Salud y bienestar,salud-bienestar,Farmacias,farmacias,alta,observado,Sin nombre,false
5979a1d9-2be4-42d5-a98f-4ce30c1d1b03,way,610703079,supervivencia,Salud y bienestar,pharmacy,0.814605,-77.715959,"{""name"":""supervivencia"",""amenity"":""pharmacy""}",Salud y bienestar,salud-bienestar,Farmacias,farmacias,alta,valido,,false
5979a1d9-2be4-42d5-a98f-4ce30c1d1b03,node,4256338091,Comercial Segarra,Tecnología y comunicaciones,electronics,0.8140934,-77.7163427,"{""name"":""Comercial Segarra"",""shop"":""electronics""}",Tecnología y electrónica,tecnologia-electronica,Electrónica,electronica,alta,valido,,false
5979a1d9-2be4-42d5-a98f-4ce30c1d1b03,node,13395354851,Cyber cabinas Briana,Tecnología y comunicaciones,mobile_phone,0.8141488,-77.7148679,"{""name"":""Cyber cabinas Briana"",""shop"":""mobile_phone""}",Tecnología y electrónica,tecnologia-electronica,Telefonía móvil,telefonia-movil,alta,valido,,false
5979a1d9-2be4-42d5-a98f-4ce30c1d1b03,way,610578035,DEDOS.NET,Tecnología y comunicaciones,computer,0.8044704,-77.7335658,"{""name"":""DEDOS.NET"",""shop"":""computer""}",Tecnología y electrónica,tecnologia-electronica,Computación,computacion,alta,valido,,false
5979a1d9-2be4-42d5-a98f-4ce30c1d1b03,node,7530857986,De.cell y Dr. Pc,Tecnología y comunicaciones,telecommunication,0.8215207,-77.7063111,"{""name"":""De.cell y Dr. Pc"",""shop"":""telecommunication""}",Tecnología y electrónica,tecnologia-electronica,Telefonía móvil,telefonia-movil,media,valido,,false
5979a1d9-2be4-42d5-a98f-4ce30c1d1b03,way,610703082,Dr. Cell y Dr.PC,Tecnología y comunicaciones,telecommunication,0.8143555,-77.7162344,"{""name"":""Dr. Cell y Dr.PC"",""shop"":""telecommunication""}",Tecnología y electrónica,tecnologia-electronica,Telefonía móvil,telefonia-movil,media,valido,,false
5979a1d9-2be4-42d5-a98f-4ce30c1d1b03,node,7530848999,Dr.cell Y Dr.PC,Tecnología y comunicaciones,telecommunication,0.8143863,-77.7162201,"{""name"":""Dr.cell Y Dr.PC"",""shop"":""telecommunication""}",Tecnología y electrónica,tecnologia-electronica,Telefonía móvil,telefonia-movil,media,valido,,false
5979a1d9-2be4-42d5-a98f-4ce30c1d1b03,way,805210299,Dr.cell y Dr Pc,Tecnología y comunicaciones,telecommunication,0.8215109,-77.7063137,"{""name"":""Dr.cell y Dr Pc"",""shop"":""telecommunication""}",Tecnología y electrónica,tecnologia-electronica,Telefonía móvil,telefonia-movil,media,valido,,false
5979a1d9-2be4-42d5-a98f-4ce30c1d1b03,node,4978496422,Enano cell,Tecnología y comunicaciones,mobile_phone,0.8168,-77.7130022,"{""name"":""Enano cell"",""shop"":""mobile_phone""}",Tecnología y electrónica,tecnologia-electronica,Telefonía móvil,telefonia-movil,alta,valido,,false
5979a1d9-2be4-42d5-a98f-4ce30c1d1b03,node,13395354853,HPCK7 Store,Tecnología y comunicaciones,electronics,0.8114844,-77.7183609,"{""name"":""HPCK7 Store"",""shop"":""electronics""}",Tecnología y electrónica,tecnologia-electronica,Electrónica,electronica,alta,valido,,false
5979a1d9-2be4-42d5-a98f-4ce30c1d1b03,node,5783647054,La ganga,Tecnología y comunicaciones,appliance,0.8135706,-77.7172503,"{""name"":""La ganga"",""shop"":""appliance""}",Tecnología y electrónica,tecnologia-electronica,Electrónica,electronica,media,valido,,false
5979a1d9-2be4-42d5-a98f-4ce30c1d1b03,node,13396305260,Led Cell,Tecnología y comunicaciones,mobile_phone,0.8148533,-77.7151781,"{""name"":""Led Cell"",""shop"":""mobile_phone""}",Tecnología y electrónica,tecnologia-electronica,Telefonía móvil,telefonia-movil,alta,valido,,false
5979a1d9-2be4-42d5-a98f-4ce30c1d1b03,node,4978496421,MOVITECH,Tecnología y comunicaciones,computer,0.8130503,-77.7166162,"{""name"":""MOVITECH"",""shop"":""computer""}",Tecnología y electrónica,tecnologia-electronica,Computación,computacion,alta,valido,,false
5979a1d9-2be4-42d5-a98f-4ce30c1d1b03,node,5783647046,Movistar,Tecnología y comunicaciones,mobile_phone,0.8135042,-77.717335,"{""name"":""Movistar"",""shop"":""mobile_phone""}",Tecnología y electrónica,tecnologia-electronica,Telefonía móvil,telefonia-movil,alta,valido,,false
5979a1d9-2be4-42d5-a98f-4ce30c1d1b03,node,13396305259,Servicio Técnico,Tecnología y comunicaciones,electronics_repair,0.8148623,-77.715166,"{""name"":""Servicio Técnico"",""craft"":""electronics_repair""}",Tecnología y electrónica,tecnologia-electronica,Reparación electrónica,reparacion-electronica,alta,valido,,false
5979a1d9-2be4-42d5-a98f-4ce30c1d1b03,node,5783427544,Technet,Tecnología y comunicaciones,electronics_repair,0.812393,-77.718859,"{""name"":""Technet"",""craft"":""electronics_repair""}",Tecnología y electrónica,tecnologia-electronica,Reparación electrónica,reparacion-electronica,alta,valido,,false
5979a1d9-2be4-42d5-a98f-4ce30c1d1b03,node,13573974394,Tecno-net,Tecnología y comunicaciones,electronics_repair,0.7960088,-77.7370015,"{""name"":""Tecno-net"",""craft"":""electronics_repair""}",Tecnología y electrónica,tecnologia-electronica,Reparación electrónica,reparacion-electronica,alta,valido,,false
5979a1d9-2be4-42d5-a98f-4ce30c1d1b03,node,13396305261,,Tecnología y comunicaciones,electronics_repair,0.8127518,-77.7167886,"{""craft"":""electronics_repair""}",Tecnología y electrónica,tecnologia-electronica,Reparación electrónica,reparacion-electronica,alta,observado,Sin nombre,false
5979a1d9-2be4-42d5-a98f-4ce30c1d1b03,node,5783507544,Anita,Tiendas y supermercados,convenience,0.8132273,-77.7177029,"{""name"":""Anita"",""shop"":""convenience""}",Tiendas y supermercados,tiendas-supermercados,Tiendas de barrio,tiendas-barrio,alta,valido,,false
5979a1d9-2be4-42d5-a98f-4ce30c1d1b03,way,609556447,Bodega,Tiendas y supermercados,convenience,0.8175515,-77.7128101,"{""name"":""Bodega"",""shop"":""convenience""}",Tiendas y supermercados,tiendas-supermercados,Tiendas de barrio,tiendas-barrio,alta,valido,,false
5979a1d9-2be4-42d5-a98f-4ce30c1d1b03,way,610736577,Caracol,Tiendas y supermercados,mall,0.8133818,-77.7175128,"{""name"":""Caracol"",""shop"":""mall""}",Tiendas y supermercados,tiendas-supermercados,Centros comerciales y grandes almacenes,centros-comerciales-grandes-almacenes,baja,valido,,false
5979a1d9-2be4-42d5-a98f-4ce30c1d1b03,way,608491215,Centro Comercial Jardìn del Norte,Tiendas y supermercados,mall,0.8105447,-77.7200601,"{""name"":""Centro Comercial Jardìn del Norte"",""shop"":""mall""}",Tiendas y supermercados,tiendas-supermercados,Centros comerciales y grandes almacenes,centros-comerciales-grandes-almacenes,baja,valido,,false
5979a1d9-2be4-42d5-a98f-4ce30c1d1b03,node,5764808218,Comercial Castillo,Tiendas y supermercados,yes,0.8093086,-77.7198453,"{""name"":""Comercial Castillo"",""shop"":""yes""}",Tiendas y supermercados,tiendas-supermercados,Tiendas de barrio,tiendas-barrio,media,valido,,false
5979a1d9-2be4-42d5-a98f-4ce30c1d1b03,node,5754855762,Macro,Tiendas y supermercados,convenience,0.8149929,-77.7151899,"{""name"":""Macro"",""shop"":""convenience""}",Tiendas y supermercados,tiendas-supermercados,Tiendas de barrio,tiendas-barrio,alta,valido,,false
5979a1d9-2be4-42d5-a98f-4ce30c1d1b03,node,13841766896,PAÑALERA EL BABY,Tiendas y supermercados,supermarket,0.8104386,-77.7206181,"{""name"":""PAÑALERA EL BABY"",""shop"":""supermarket""}",Tiendas y supermercados,tiendas-supermercados,Supermercados,supermercados,alta,valido,,false
5979a1d9-2be4-42d5-a98f-4ce30c1d1b03,node,4615527389,Rosita,Tiendas y supermercados,supermarket,0.8097334,-77.7202059,"{""name"":""Rosita"",""shop"":""supermarket""}",Tiendas y supermercados,tiendas-supermercados,Supermercados,supermercados,alta,valido,,false
5979a1d9-2be4-42d5-a98f-4ce30c1d1b03,way,607502225,SURIMAX,Tiendas y supermercados,convenience,0.7973376,-77.7340404,"{""name"":""SURIMAX"",""shop"":""convenience""}",Tiendas y supermercados,tiendas-supermercados,Tiendas de barrio,tiendas-barrio,alta,valido,,false
5979a1d9-2be4-42d5-a98f-4ce30c1d1b03,node,13395354852,Samy Confitería,Tiendas y supermercados,convenience,0.8115127,-77.7183844,"{""name"":""Samy Confitería"",""shop"":""convenience""}",Tiendas y supermercados,tiendas-supermercados,Tiendas de barrio,tiendas-barrio,alta,valido,,false
5979a1d9-2be4-42d5-a98f-4ce30c1d1b03,way,608738827,San Andresito,Tiendas y supermercados,department_store,0.8156722,-77.71472,"{""name"":""San Andresito"",""shop"":""department_store""}",Tiendas y supermercados,tiendas-supermercados,Centros comerciales y grandes almacenes,centros-comerciales-grandes-almacenes,baja,valido,,false
5979a1d9-2be4-42d5-a98f-4ce30c1d1b03,node,5042033324,San Brasil 2,Tiendas y supermercados,convenience,0.7984993,-77.7325689,"{""name"":""San Brasil 2"",""shop"":""convenience""}",Tiendas y supermercados,tiendas-supermercados,Tiendas de barrio,tiendas-barrio,alta,valido,,false
5979a1d9-2be4-42d5-a98f-4ce30c1d1b03,node,5042033025,San Brasil 2,Tiendas y supermercados,convenience,0.7963874,-77.7346181,"{""name"":""San Brasil 2"",""shop"":""convenience""}",Tiendas y supermercados,tiendas-supermercados,Tiendas de barrio,tiendas-barrio,alta,valido,,false
5979a1d9-2be4-42d5-a98f-4ce30c1d1b03,way,607555368,SuperExpress,Tiendas y supermercados,yes,0.8011264,-77.7313007,"{""name"":""SuperExpress"",""shop"":""yes""}",Tiendas y supermercados,tiendas-supermercados,Minimarkets,minimarkets,media,valido,,false
5979a1d9-2be4-42d5-a98f-4ce30c1d1b03,way,608705518,Superdespensas Aki,Tiendas y supermercados,supermarket,0.8207193,-77.7083075,"{""name"":""Superdespensas Aki"",""shop"":""supermarket""}",Tiendas y supermercados,tiendas-supermercados,Supermercados,supermercados,alta,valido,,false
5979a1d9-2be4-42d5-a98f-4ce30c1d1b03,node,2957720834,Supermaxi,Tiendas y supermercados,supermarket,0.7989768,-77.7354287,"{""name"":""Supermaxi"",""shop"":""supermarket""}",Tiendas y supermercados,tiendas-supermercados,Supermercados,supermercados,alta,valido,,false
5979a1d9-2be4-42d5-a98f-4ce30c1d1b03,node,8090127326,Supermaxi,Tiendas y supermercados,supermarket,0.7983386,-77.7353754,"{""name"":""Supermaxi"",""shop"":""supermarket""}",Tiendas y supermercados,tiendas-supermercados,Supermercados,supermercados,alta,valido,,false
5979a1d9-2be4-42d5-a98f-4ce30c1d1b03,way,608730405,Supermercado Municipal Cepia Eloy Alfaro,Tiendas y supermercados,supermarket,0.8178214,-77.7107468,"{""name"":""Supermercado Municipal Cepia Eloy Alfaro"",""shop"":""supermarket""}",Tiendas y supermercados,tiendas-supermercados,Supermercados,supermercados,alta,valido,,false
5979a1d9-2be4-42d5-a98f-4ce30c1d1b03,node,9061094686,TIENDA 1,Tiendas y supermercados,yes,0.8074103,-77.7223042,"{""name"":""TIENDA 1"",""shop"":""yes""}",Tiendas y supermercados,tiendas-supermercados,Tiendas de barrio,tiendas-barrio,media,valido,,false
5979a1d9-2be4-42d5-a98f-4ce30c1d1b03,node,12854167130,TIENDA CHAPUES,Tiendas y supermercados,general,0.7857565,-77.7066566,"{""name"":""TIENDA CHAPUES"",""shop"":""general""}",Tiendas y supermercados,tiendas-supermercados,Tiendas de barrio,tiendas-barrio,media,valido,,false
5979a1d9-2be4-42d5-a98f-4ce30c1d1b03,way,610350833,Tercena,Tiendas y supermercados,general,0.8037051,-77.7284094,"{""name"":""Tercena"",""shop"":""general""}",Tiendas y supermercados,tiendas-supermercados,Tiendas de barrio,tiendas-barrio,media,valido,,false
5979a1d9-2be4-42d5-a98f-4ce30c1d1b03,way,1529748624,Tienda,Tiendas y supermercados,yes,0.8046743,-77.7246909,"{""name"":""Tienda"",""shop"":""yes""}",Tiendas y supermercados,tiendas-supermercados,Tiendas de barrio,tiendas-barrio,media,valido,,false
5979a1d9-2be4-42d5-a98f-4ce30c1d1b03,way,607548023,Tienda,Tiendas y supermercados,yes,0.8022437,-77.7309169,"{""name"":""Tienda"",""shop"":""yes""}",Tiendas y supermercados,tiendas-supermercados,Tiendas de barrio,tiendas-barrio,media,valido,,false
5979a1d9-2be4-42d5-a98f-4ce30c1d1b03,way,610581542,Tienda,Tiendas y supermercados,yes,0.8045482,-77.733665,"{""name"":""Tienda"",""shop"":""yes""}",Tiendas y supermercados,tiendas-supermercados,Tiendas de barrio,tiendas-barrio,media,valido,,false
5979a1d9-2be4-42d5-a98f-4ce30c1d1b03,way,607478491,Tienda,Tiendas y supermercados,yes,0.8020196,-77.734033,"{""name"":""Tienda"",""shop"":""yes""}",Tiendas y supermercados,tiendas-supermercados,Tiendas de barrio,tiendas-barrio,media,valido,,false
5979a1d9-2be4-42d5-a98f-4ce30c1d1b03,node,2957720837,Todo Hogar,Tiendas y supermercados,department_store,0.7985563,-77.7350185,"{""name"":""Todo Hogar"",""shop"":""department_store""}",Tiendas y supermercados,tiendas-supermercados,Centros comerciales y grandes almacenes,centros-comerciales-grandes-almacenes,baja,valido,,false
5979a1d9-2be4-42d5-a98f-4ce30c1d1b03,way,1359237539,TuTi,Tiendas y supermercados,supermarket,0.8027582,-77.729599,"{""name"":""TuTi"",""shop"":""supermarket""}",Tiendas y supermercados,tiendas-supermercados,Supermercados,supermercados,alta,valido,,false
5979a1d9-2be4-42d5-a98f-4ce30c1d1b03,way,1342290760,Tuti,Tiendas y supermercados,supermarket,0.8210419,-77.7081087,"{""name"":""Tuti"",""shop"":""supermarket""}",Tiendas y supermercados,tiendas-supermercados,Supermercados,supermercados,alta,valido,,false
5979a1d9-2be4-42d5-a98f-4ce30c1d1b03,way,608009520,Viveres Don Santi,Tiendas y supermercados,yes,0.7948509,-77.7346892,"{""name"":""Viveres Don Santi"",""shop"":""yes""}",Tiendas y supermercados,tiendas-supermercados,Tiendas de barrio,tiendas-barrio,media,valido,,false
5979a1d9-2be4-42d5-a98f-4ce30c1d1b03,way,606786310,Viveres Sebitas,Tiendas y supermercados,yes,0.7943018,-77.737594,"{""name"":""Viveres Sebitas"",""shop"":""yes""}",Tiendas y supermercados,tiendas-supermercados,Tiendas de barrio,tiendas-barrio,media,valido,,false
5979a1d9-2be4-42d5-a98f-4ce30c1d1b03,node,13573974332,Víveres El Portal,Tiendas y supermercados,convenience,0.7902931,-77.7431776,"{""name"":""Víveres El Portal"",""shop"":""convenience""}",Tiendas y supermercados,tiendas-supermercados,Tiendas de barrio,tiendas-barrio,alta,valido,,false
5979a1d9-2be4-42d5-a98f-4ce30c1d1b03,node,13573974348,Víveres Estebitan,Tiendas y supermercados,convenience,0.7878043,-77.7440047,"{""name"":""Víveres Estebitan"",""shop"":""convenience""}",Tiendas y supermercados,tiendas-supermercados,Tiendas de barrio,tiendas-barrio,alta,valido,,false
5979a1d9-2be4-42d5-a98f-4ce30c1d1b03,node,4978422024,Víveres Wendi,Tiendas y supermercados,supermarket,0.8026171,-77.7317849,"{""name"":""Víveres Wendi"",""shop"":""supermarket""}",Tiendas y supermercados,tiendas-supermercados,Supermercados,supermercados,alta,valido,,false
5979a1d9-2be4-42d5-a98f-4ce30c1d1b03,node,5276698325,Víveres el Buen Vecino,Tiendas y supermercados,convenience,0.8196927,-77.7060636,"{""name"":""Víveres el Buen Vecino"",""shop"":""convenience""}",Tiendas y supermercados,tiendas-supermercados,Tiendas de barrio,tiendas-barrio,alta,valido,,false
5979a1d9-2be4-42d5-a98f-4ce30c1d1b03,way,610699847,,Tiendas y supermercados,mall,0.8125012,-77.7187785,"{""shop"":""mall""}",Tiendas y supermercados,tiendas-supermercados,Centros comerciales y grandes almacenes,centros-comerciales-grandes-almacenes,baja,observado,Sin nombre,false
5979a1d9-2be4-42d5-a98f-4ce30c1d1b03,way,607168038,,Tiendas y supermercados,supermarket,0.8152677,-77.7148112,"{""shop"":""supermarket""}",Tiendas y supermercados,tiendas-supermercados,Supermercados,supermercados,alta,observado,Sin nombre,false
5979a1d9-2be4-42d5-a98f-4ce30c1d1b03,way,609556458,,Tiendas y supermercados,wholesale,0.8171712,-77.7126929,"{""shop"":""wholesale""}",Tiendas y supermercados,tiendas-supermercados,Mayoristas,mayoristas,alta,observado,Sin nombre,false
5979a1d9-2be4-42d5-a98f-4ce30c1d1b03,way,609556457,,Tiendas y supermercados,wholesale,0.8172451,-77.7125617,"{""shop"":""wholesale""}",Tiendas y supermercados,tiendas-supermercados,Mayoristas,mayoristas,alta,observado,Sin nombre,false
5979a1d9-2be4-42d5-a98f-4ce30c1d1b03,way,609556455,,Tiendas y supermercados,wholesale,0.8173309,-77.7124272,"{""shop"":""wholesale""}",Tiendas y supermercados,tiendas-supermercados,Mayoristas,mayoristas,alta,observado,Sin nombre,false
5979a1d9-2be4-42d5-a98f-4ce30c1d1b03,way,609556466,,Tiendas y supermercados,wholesale,0.8178335,-77.7124863,"{""shop"":""wholesale""}",Tiendas y supermercados,tiendas-supermercados,Mayoristas,mayoristas,alta,observado,Sin nombre,false
5979a1d9-2be4-42d5-a98f-4ce30c1d1b03,way,609556467,,Tiendas y supermercados,wholesale,0.8178627,-77.7123918,"{""shop"":""wholesale""}",Tiendas y supermercados,tiendas-supermercados,Mayoristas,mayoristas,alta,observado,Sin nombre,false
5979a1d9-2be4-42d5-a98f-4ce30c1d1b03,way,609556472,,Tiendas y supermercados,wholesale,0.8184404,-77.7117506,"{""shop"":""wholesale""}",Tiendas y supermercados,tiendas-supermercados,Mayoristas,mayoristas,alta,observado,Sin nombre,false
5979a1d9-2be4-42d5-a98f-4ce30c1d1b03,way,608505724,,Tiendas y supermercados,yes,0.8032974,-77.7251169,"{""shop"":""yes""}",Tiendas y supermercados,tiendas-supermercados,Tiendas de barrio,tiendas-barrio,media,observado,Sin nombre | Etiqueta OSM genérica shop=yes; revisar cuando sea posible.,false
5979a1d9-2be4-42d5-a98f-4ce30c1d1b03,node,13395354844,,Tiendas y supermercados,convenience,0.8046483,-77.7272797,"{""shop"":""convenience""}",Tiendas y supermercados,tiendas-supermercados,Tiendas de barrio,tiendas-barrio,alta,observado,Sin nombre,false
5979a1d9-2be4-42d5-a98f-4ce30c1d1b03,node,13228653135,,Tiendas y supermercados,convenience,0.804519,-77.7276629,"{""shop"":""convenience""}",Tiendas y supermercados,tiendas-supermercados,Tiendas de barrio,tiendas-barrio,alta,observado,Sin nombre,false
5979a1d9-2be4-42d5-a98f-4ce30c1d1b03,way,607543473,,Tiendas y supermercados,yes,0.7982033,-77.7345679,"{""shop"":""yes""}",Tiendas y supermercados,tiendas-supermercados,Tiendas de barrio,tiendas-barrio,media,observado,Sin nombre | Etiqueta OSM genérica shop=yes; revisar cuando sea posible.,false
5979a1d9-2be4-42d5-a98f-4ce30c1d1b03,way,610631809,,Tiendas y supermercados,yes,0.796629,-77.7373822,"{""shop"":""yes""}",Tiendas y supermercados,tiendas-supermercados,Tiendas de barrio,tiendas-barrio,media,observado,Sin nombre | Etiqueta OSM genérica shop=yes; revisar cuando sea posible.,false
5979a1d9-2be4-42d5-a98f-4ce30c1d1b03,way,610631816,,Tiendas y supermercados,yes,0.7963789,-77.7372387,"{""shop"":""yes""}",Tiendas y supermercados,tiendas-supermercados,Tiendas de barrio,tiendas-barrio,media,observado,Sin nombre | Etiqueta OSM genérica shop=yes; revisar cuando sea posible.,false
5979a1d9-2be4-42d5-a98f-4ce30c1d1b03,node,13573974371,,Tiendas y supermercados,convenience,0.785466,-77.7440713,"{""shop"":""convenience""}",Tiendas y supermercados,tiendas-supermercados,Tiendas de barrio,tiendas-barrio,alta,observado,Sin nombre,false
